# s_m; x_m; y_m; psi_rad; kappa_radpm; vx_mps; ax_mps2
0.0000000; 215.1833452; 5.9504891; -0.7652235; -0.0000818; 40.8294656; 3.4877337
1.9987263; 216.5679771; 7.3919095; -0.7653899; -0.0000848; 40.9998453; 3.4708287
3.9974525; 217.9528542; 8.8330964; -0.7655623; -0.0000877; 41.1686991; 3.4534812
5.9961788; 219.3379862; 10.2740429; -0.7657406; -0.0000907; 41.3360244; 3.4062480
7.9949051; 220.7233754; 11.7147339; -0.7659250; -0.0000939; 41.5004003; 3.3900345
9.9936314; 222.1090367; 13.1551670; -0.7661158; -0.0000972; 41.6633500; 3.3733647
11.9923576; 223.4949806; 14.5953340; -0.7663134; -0.0001006; 41.8248681; 3.3284794
13.9910839; 224.8812085; 16.0352164; -0.7665181; -0.0001043; 41.9836282; 3.3129029
15.9898102; 226.2677392; 17.4748127; -0.7667303; -0.0001081; 42.1410513; 3.2968526
17.9885365; 227.6545847; 18.9141131; -0.7669504; -0.0001121; 42.2971301; 3.2541180
19.9872627; 229.0417455; 20.3530953; -0.7671787; -0.0001164; 42.4506231; 3.2391302
21.9859890; 230.4292444; 21.7917584; -0.7674156; -0.0001208; 42.6028599; 3.2236473
23.9847153; 231.8170951; 23.2300911; -0.7676616; -0.0001254; 42.7538308; 3.1828903
25.9834415; 233.2052976; 24.6680666; -0.7679171; -0.0001303; 42.9023717; 3.1684482
27.9821678; 234.5938789; 26.1056850; -0.7681826; -0.0001354; 43.0497296; 3.1534852
29.9808941; 235.9828547; 27.5429329; -0.7684586; -0.0001407; 43.1958925; 3.1145528
31.9796204; 237.3722244; 28.9797790; -0.7687456; -0.0001464; 43.3397670; 3.1006176
33.9783466; 238.7620197; 30.4162239; -0.7690440; -0.0001523; 43.4825250; 3.0861308
35.9770729; 240.1522584; 31.8522519; -0.7693545; -0.0001584; 43.6241520; 3.0488872
37.9757992; 241.5429397; 33.2878268; -0.7696777; -0.0001649; 43.7636198; 3.0354234
39.9745255; 242.9341003; 34.7229494; -0.7700140; -0.0001717; 43.9020316; 3.0213723
41.9732517; 244.3257605; 36.1576017; -0.7703642; -0.0001787; 44.0393707; 2.9856960
43.9719780; 245.7179192; 37.5917420; -0.7707290; -0.0001863; 44.1746687; 2.9726709
45.9707043; 247.1106188; 39.0253711; -0.7711090; -0.0001941; 44.3089659; 2.9590174
47.9694305; 248.5038825; 40.4584681; -0.7715049; -0.0002021; 44.4422433; 2.9247986
49.9681568; 249.8977092; 41.8909852; -0.7719176; -0.0002108; 44.5735879; 2.9121818
51.9668831; 251.2921476; 43.3229233; -0.7723477; -0.0002198; 44.7039824; 2.8988896
53.9656094; 252.6872238; 44.7542578; -0.7727963; -0.0002291; 44.8334052; 2.8660283
55.9643356; 254.0829373; 46.1849344; -0.7732641; -0.0002390; 44.9609946; 2.8537906
57.9630619; 255.4793436; 47.6149536; -0.7737520; -0.0002494; 45.0876804; 2.8408244
59.9617882; 256.8764725; 49.0442867; -0.7742612; -0.0002601; 45.2134381; 2.8092283
61.9605144; 258.2743238; 50.4728719; -0.7747925; -0.0002716; 45.3374541; 2.7973413
63.9592407; 259.6729616; 51.9007091; -0.7753471; -0.0002834; 45.4606091; 2.7846656
65.9579670; 261.0724188; 53.3277648; -0.7759255; -0.0002953; 45.5828756; 2.7542484
67.9566933; 262.4726952; 54.7539689; -0.7765298; -0.0003094; 45.7034848; 2.7426703
69.9554195; 263.8738667; 56.1793218; -0.7771585; -0.0003154; 45.8232716; 2.7302347
71.9541458; 265.2759463; 57.6038032; -0.7777862; -0.0003126; 45.9422050; 2.7008934
73.9528721; 266.6789183; 59.0273883; -0.7784326; -0.0003346; 46.0595582; 2.6896567
75.9515984; 268.0828544; 60.4500468; -0.7791249; -0.0003592; 46.1761267; 2.6774939
77.9503246; 269.4877801; 61.8716643; -0.7798698; -0.0003862; 46.2918765; 2.6492959
79.9490509; 270.8938444; 63.2922480; -0.7806589; -0.0004032; 46.4061231; 2.6383511
81.9477772; 272.3010310; 64.7116758; -0.7814821; -0.0004212; 46.5196189; 2.6264338
83.9465034; 273.7093692; 66.1298747; -0.7823436; -0.0004408; 46.6323277; 2.5992144
85.9452297; 275.1190423; 67.5469176; -0.7832452; -0.0004614; 46.7436009; 2.5885279
87.9439560; 276.5299778; 68.9626159; -0.7841883; -0.0004827; 46.8541540; 2.5768660
89.9426823; 277.9422183; 70.3768917; -0.7851753; -0.0005050; 46.9639505; 2.5504866
91.9414085; 279.3560090; 71.7898633; -0.7862085; -0.0005288; 47.0723708; 2.5400012
93.9401348; 280.7712281; 73.2012755; -0.7872897; -0.0005535; 47.1800978; 2.5285894
95.9388611; 282.1879324; 74.6110459; -0.7884216; -0.0005792; 47.2870970; 2.5028653
97.9375874; 283.6064246; 76.0193296; -0.7896067; -0.0006067; 47.3927698; 2.4925144
99.9363136; 285.0265410; 77.4258101; -0.7908473; -0.0006352; 47.4977719; 2.4813474
101.9350399; 286.4483534; 78.8303987; -0.7921465; -0.0006649; 47.6020735; 2.4560615
103.9337662; 287.8722167; 80.2332777; -0.7935072; -0.0006966; 47.7050877; 2.4457651
105.9324924; 289.2979344; 81.6340765; -0.7949319; -0.0007296; 47.8074495; 2.4348307
107.9312187; 290.7255933; 83.0326968; -0.7964242; -0.0007638; 47.9091363; 2.4097274
109.9299450; 292.1555943; 84.4293375; -0.7979875; -0.0008004; 48.0095627; 2.3993861
111.9286713; 293.5877196; 85.8235827; -0.7996247; -0.0008385; 48.1093499; 2.3886580
113.9273975; 295.0220703; 87.2153195; -0.8013400; -0.0008780; 48.2084857; 2.3634303
115.9261238; 296.4590860; 88.6047520; -0.8031373; -0.0009204; 48.3063743; 2.3529152
117.9248501; 297.8985408; 89.9914277; -0.8050201; -0.0009644; 48.4036307; 2.3422875
119.9235764; 299.3405516; 91.3752165; -0.8069931; -0.0010101; 48.5002541; 2.3166669
121.9223026; 300.7855833; 92.7563081; -0.8090612; -0.0010592; 48.5956316; 2.3057497
123.9210289; 302.2334214; 94.1342283; -0.8112282; -0.0011102; 48.6903742; 2.2947757
125.9197552; 303.6842065; 95.5088310; -0.8134998; -0.0011631; 48.7844831; 2.2690085
127.9184814; 305.1383925; 96.8802512; -0.8158814; -0.0012199; 48.8773572; 2.2571052
129.9172077; 306.5958177; 98.2480267; -0.8183776; -0.0012788; 48.9695693; 2.2455623
131.9159340; 308.0566408; 99.6119850; -0.8209943; -0.0013399; 49.0611378; 2.2193005
133.9146603; 309.5212874; 100.9721869; -0.8237371; -0.0014045; 49.1514679; 2.2060794
135.9133865; 310.9896648; 102.3281953; -0.8266101; -0.0014713; 49.2410956; 2.1937460
137.9121128; 312.4619500; 103.6798124; -0.8296190; -0.0015398; 49.3300607; 2.1667634
139.9108391; 313.9385203; 105.0270122; -0.8327661; -0.0016092; 49.4177744; 2.1520663
141.9095653; 315.4193578; 106.3694009; -0.8360560; -0.0016862; 49.5047392; 2.1389225
143.9082916; 316.9046554; 107.7067405; -0.8395089; -0.0017689; 49.5910218; 2.1116093
145.9070179; 318.3947340; 109.0388783; -0.8431242; -0.0018486; 49.6760556; 2.0956770
147.9057442; 319.8896714; 110.3654610; -0.8468864; -0.0019079; 49.7603042; 2.0821026
149.9044704; 321.3897253; 111.6863958; -0.8507450; -0.0019543; 49.8438660; 2.0555401
151.9031967; 322.8948839; 113.0014129; -0.8547115; -0.0020148; 49.9262246; 2.0396531
153.9019230; 324.4053444; 114.3103763; -0.8587949; -0.0020686; 50.0078126; 2.0268504
155.9006493; 325.9212370; 115.6131122; -0.8629788; -0.0021168; 50.0887568; 2.0032466
157.8993755; 327.4425756; 116.9093850; -0.8672484; -0.0021556; 50.1686301; 1.9888902
159.8981018; 328.9694968; 118.1991039; -0.8715907; -0.0021864; 50.2478053; 1.9780060
161.8968281; 330.5020737; 119.4821669; -0.8759866; -0.0022107; 50.3264237; 1.9588847
163.8955543; 332.0402589; 120.7584144; -0.8804183; -0.0022239; 50.4041612; 1.9471289
165.8942806; 333.5841086; 122.0278208; -0.8848713; -0.0022291; 50.4813136; 1.9387808
167.8930069; 335.1336285; 123.2903610; -0.8893272; -0.0022282; 50.5580183; 1.9244036
169.8917332; 336.6887192; 124.5459643; -0.8937703; -0.0022177; 50.6340392; 1.9152794
171.8904594; 338.2493639; 125.7946673; -0.8981884; -0.0022011; 50.7095865; 1.9091937
173.8891857; 339.8155108; 127.0365114; -0.9025680; -0.0021802; 50.7847819; 1.8984578
175.8879120; 341.3870283; 128.2715021; -0.9068987; -0.0021533; 50.8594442; 1.8910213
177.8866383; 342.9638481; 129.4997202; -0.9111737; -0.0021233; 50.9337053; 1.8862704
179.8853645; 344.5458832; 130.7212485; -0.9153861; -0.0020914; 51.0076721; 1.8774353
181.8840908; 346.1329944; 131.9361413; -0.9195326; -0.0020577; 51.0811861; 1.8704370
183.8828171; 347.7250895; 133.1444973; -0.9236116; -0.0020239; 51.1543209; 1.8660228
185.8815433; 349.3220700; 134.3464108; -0.9276231; -0.0019905; 51.2271792; 1.8575881
187.8802696; 350.9238110; 135.5419540; -0.9315697; -0.0019586; 51.2996054; 1.8500057
189.8789959; 352.5302218; 136.7312179; -0.9354544; -0.0019292; 51.3716344; 1.8452119
191.8777222; 354.1412101; 137.9142812; -0.9392823; -0.0019020; 51.4433763; 1.8362580
193.8764484; 355.7566814; 139.0912079; -0.9430603; -0.0018785; 51.5146709; 1.8274416
195.8751747; 357.3765642; 140.2620620; -0.9467945; -0.0018593; 51.5855254; 1.8218571
197.8739010; 359.0007838; 141.4268858; -0.9504936; -0.0018433; 51.6560666; 1.8119171
199.8726273; 360.6292855; 142.5857162; -0.9541671; -0.0018326; 51.7261276; 1.8014474
201.8713535; 362.2620288; 143.7385770; -0.9578234; -0.0018274; 51.7956897; 1.7948283
203.8700798; 363.8989618; 144.8854592; -0.9614731; -0.0018261; 51.8649035; 1.7836546
205.8688061; 365.5400739; 146.0263592; -0.9651275; -0.0018307; 51.9335950; 1.7712191
207.8675323; 367.1853640; 147.1612538; -0.9687958; -0.0018412; 52.0017178; 1.7634179
209.8662586; 368.8348002; 148.2900723; -0.9724889; -0.0018557; 52.0694520; 1.7509229
211.8649849; 370.4884169; 149.4127662; -0.9762179; -0.0018757; 52.1366192; 1.7364204
213.8637112; 372.1462590; 150.5292686; -0.9799918; -0.0019018; 52.2031447; 1.7275213
215.8624374; 373.8082919; 151.6394332; -0.9838224; -0.0019355; 52.2692453; 1.7140291
217.8611637; 375.4746175; 152.7431612; -0.9877386; -0.0019831; 52.3347471; 1.6979302
219.8598900; 377.1452736; 153.8402678; -0.9917303; -0.0020064; 52.3995530; 1.6883943
221.8586162; 378.8203386; 154.9306809; -0.9957584; -0.0020268; 52.4639155; 1.6746774
223.8573425; 380.4998336; 156.0143137; -0.9998378; -0.0020552; 52.5276772; 1.6584560
225.8560688; 382.1837152; 157.0910068; -1.0039728; -0.0020822; 52.5907451; 1.6496093
227.8547951; 383.8721126; 158.1607143; -1.0081602; -0.0021059; 52.6534016; 1.6376262
229.8535213; 385.5650045; 159.2233123; -1.0123870; -0.0021236; 52.7155294; 1.6241657
231.8522476; 387.2623193; 160.2786762; -1.0166403; -0.0021308; 52.7770742; 1.6178594
233.8509739; 388.9641796; 161.3268432; -1.0209026; -0.0021304; 52.8383088; 1.6098565
235.8497002; 390.6704983; 162.3677638; -1.0251498; -0.0021195; 52.8991702; 1.6022500
237.8484264; 392.3811194; 163.4014007; -1.0293608; -0.0020919; 52.9596745; 1.6000401
239.8471527; 394.0961244; 164.4279233; -1.0335088; -0.0020535; 53.0200265; 1.5975783
241.8458790; 395.8153456; 165.4474128; -1.0375607; -0.0020009; 53.0802171; 1.5973279
243.8446052; 397.5385204; 166.4599662; -1.0414890; -0.0019272; 53.1403302; 1.5993266
245.8433315; 399.2656684; 167.4659257; -1.0452606; -0.0018407; 53.2004504; 1.6019828
247.8420578; 400.9965304; 168.4655430; -1.0488372; -0.0017382; 53.2606025; 1.6072519
249.8407841; 402.7307302; 169.4590827; -1.0521895; -0.0016137; 53.3208842; 1.6114061
251.8395103; 404.4682179; 170.4470774; -1.0552843; -0.0014777; 53.3812533; 1.6162044
253.8382366; 406.2086476; 171.4299578; -1.0580882; -0.0013279; 53.4417338; 1.3686575
255.8369629; 407.9515465; 172.4081490; -1.0605803; -0.0011645; 53.4928972; 0.9021778
257.8356892; 409.6968141; 173.3823349; -1.0627430; -0.0009997; 53.5265959; 0.2329081
259.8344154; 411.4440629; 174.3530527; -1.0645768; -0.0008353; 53.5352921; -1.3246436
261.8331417; 413.1927967; 175.3207696; -1.0660951; -0.0006855; 53.4858140; -2.3680148
263.8318680; 414.9429534; 176.2861426; -1.0673213; -0.0005473; 53.3972497; -3.6527263
265.8305942; 416.6942089; 177.2496209; -1.0682915; -0.0004236; 53.2603481; -5.8064000
267.8293205; 418.4461440; 178.2115268; -1.0690361; -0.0003238; 53.0420010; -6.9979595
269.8280468; 420.1988008; 179.1723519; -1.0695904; -0.0002368; 52.7776454; -8.3928868
271.8267731; 421.9519587; 180.1323688; -1.0699917; -0.0001647; 52.4588381; -10.3931400
273.8254993; 423.7052938; 181.0917198; -1.0702673; -0.0001129; 52.0613446; -11.2908782
275.8242256; 425.4589449; 182.0507286; -1.0704463; -0.0000706; 51.6260482; -12.2958880
277.8229519; 427.2127778; 183.0095124; -1.0705558; -0.0000390; 51.1477920; -13.3424089
279.8216782; 428.9665464; 183.9680745; -1.0706153; -0.0000218; 50.6237195; -13.4907481
281.8204044; 430.7204545; 184.9266130; -1.0706447; -0.0000098; 50.0882457; -13.5938659
283.8191307; 432.4744256; 185.8851402; -1.0706574; -0.0000030; 49.5428251; -13.5316443
285.8178570; 434.2282652; 186.8435797; -1.0706597; 0.0000004; 48.9938712; -13.4303023
287.8165832; 435.9821980; 187.8020717; -1.0706564; 0.0000020; 48.4428779; -13.3365855
289.8153095; 437.7361684; 188.7605930; -1.0706529; 0.0000015; 47.8894566; -13.2783472
291.8140358; 439.4900037; 189.7190471; -1.0706505; 0.0000009; 47.3320239; -13.1771418
293.8127621; 441.2439294; 190.6775548; -1.0706493; 0.0000003; 46.7722727; -13.0846358
295.8114883; 442.9978909; 191.6360834; -1.0706493; -0.0000003; 46.2097423; -13.0305745
297.8102146; 444.7517304; 192.5945445; -1.0706500; -0.0000004; 45.6426465; -12.9293559
299.8089409; 446.5056555; 193.5530505; -1.0706508; -0.0000004; 45.0729042; -12.8382764
301.8076672; 448.2596136; 194.5115726; -1.0706516; -0.0000003; 44.4999583; -12.7883533
303.8063934; 450.0134585; 195.4700313; -1.0706523; -0.0000003; 43.9218107; -12.6868222
305.8051197; 451.7673841; 196.4285325; -1.0706529; -0.0000004; 43.3406332; -12.5972999
307.8038460; 453.5213412; 197.3870493; -1.0706538; -0.0000005; 42.7557408; -12.5514331
309.8025722; 455.2751869; 198.3455031; -1.0706548; -0.0000006; 42.1649098; -12.4492307
311.8012985; 457.0291144; 199.3039987; -1.0706563; -0.0000008; 41.5705955; -12.3614553
313.8000248; 458.7830750; 200.2625089; -1.0706580; -0.0000009; 40.9719426; -12.3195476
315.7987511; 460.5369181; 201.2209504; -1.0706602; -0.0000013; 40.3664870; -12.2162359
317.7974773; 462.2908520; 202.1794357; -1.0706631; -0.0000014; 39.7570050; -12.1304906
319.7962036; 464.0448227; 203.1379350; -1.0706653; -0.0000009; 39.1424116; -12.0924174
321.7949299; 465.7986591; 204.0963552; -1.0706693; -0.0000034; 38.5199886; -11.9869816
323.7936561; 467.5526076; 205.0548215; -1.0706770; -0.0000006; 37.8929034; -11.9029453
325.7923824; 469.3065927; 206.0133079; -1.0706656; 0.0000120; 37.2597728; -11.8327998
327.7911087; 471.0603858; 206.9717603; -1.0706042; 0.0000534; 36.6195251; -11.6898633
329.7898350; 472.8142110; 207.9304747; -1.0704464; 0.0001139; 35.9758244; -11.5568882
331.7885612; 474.5678469; 208.8896124; -1.0701320; 0.0002007; 35.3279186; -11.4180073
333.7872875; 476.3209024; 209.8493694; -1.0696088; 0.0003291; 34.6759122; -11.2378742
335.7860138; 478.0734958; 210.8103736; -1.0688100; 0.0004808; 34.0219932; -11.0622458
337.7847401; 479.8251753; 211.7730778; -1.0676663; 0.0006635; 33.3657791; -10.8818494
339.7834663; 481.5753748; 212.7380117; -1.0661278; 0.0008821; 32.7074233; -10.6822977
341.7821926; 483.3240688; 213.7061407; -1.0641349; 0.0011211; 32.0479884; -10.4861718
343.7809189; 485.0705692; 214.6781845; -1.0616272; 0.0013881; 31.3871883; -10.2864496
345.7796451; 486.8141790; 215.6549831; -1.0585573; 0.0016909; 30.7251687; -10.0751450
347.7783714; 488.5546910; 216.6377905; -1.0548619; 0.0020177; 30.0626193; -9.8639486
349.7770977; 490.2911652; 217.6275891; -1.0504652; 0.0023816; 29.3994968; -9.6400833
351.7758240; 492.0227521; 218.6255769; -1.0453008; 0.0027980; 28.7366428; -9.4108285
353.7745502; 493.7489443; 219.6333588; -1.0392715; 0.0032519; 28.0744599; -9.1689450
355.7732765; 495.4684457; 220.6523047; -1.0322539; 0.0037700; 27.4139175; -8.8985461
357.7720028; 497.1800926; 221.6841377; -1.0241383; 0.0043722; 26.7572674; -8.6363795
359.7707291; 498.8828637; 222.7310183; -1.0147607; 0.0050428; 26.1041729; -8.3285183
361.7694553; 500.5748507; 223.7949805; -1.0038736; 0.0058515; 25.4584953; -7.9787564
363.7681816; 502.2543490; 224.8787410; -0.9913041; 0.0067518; 24.8241875; -7.6662499
365.7669079; 503.9190424; 225.9850575; -0.9768592; 0.0077314; 24.1990664; -7.2465221
367.7656341; 505.5663495; 227.1169785; -0.9602803; 0.0088581; 23.5929478; -6.8107199
369.7643604; 507.1932672; 228.2778762; -0.9413487; 0.0101340; 23.0087300; -6.4537325
371.7630867; 508.7962902; 229.4714539; -0.9197481; 0.0114963; 22.4411044; -5.9363635
373.7618130; 510.3713666; 230.7015149; -0.8953272; 0.0129375; 21.9060000; -5.5186742
375.7605392; 511.9138739; 231.9717000; -0.8680004; 0.0144450; 21.3965464; -5.1970453
377.7592655; 513.4197261; 233.2864523; -0.8375830; 0.0159446; 20.9054360; -4.7749307
379.7579918; 514.8821017; 234.6475047; -0.8045763; 0.0170837; 20.4438180; -4.5313763
381.7567181; 516.2956487; 236.0560192; -0.7694657; 0.0180409; 19.9958929; -4.3313599
383.7554443; 517.6620174; 237.5192135; -0.7327365; 0.0186847; 19.5581525; -4.0989828
385.7541706; 518.9663043; 239.0264191; -0.6932038; 0.0209609; 19.1346764; -3.9461191
387.7528969; 520.2109805; 240.5925239; -0.6492740; 0.0227628; 18.7179437; -3.7960519
389.7516231; 521.3839550; 242.2150454; -0.6020642; 0.0244590; 18.3081096; -3.6501735
391.7503494; 522.4746035; 243.8899852; -0.5519214; 0.0256985; 17.9051803; -3.5473909
393.7490757; 523.4788061; 245.6208245; -0.4990348; 0.0271039; 17.5047124; -3.4330046
395.7478020; 524.3867683; 247.4017691; -0.4433899; 0.0286704; 17.1082344; -3.2326877
397.7465282; 525.1929803; 249.2352438; -0.3850626; 0.0291363; 16.7263017; -3.0811786
399.7452545; 525.8884820; 251.1058444; -0.3268433; 0.0291214; 16.3539690; -2.8226097
401.7439808; 526.4772700; 253.0244989; -0.2686480; 0.0291694; 16.0052820; -2.7036306
403.7427070; 526.9549546; 254.9884775; -0.2076130; 0.0319996; 15.6640167; -2.4278324
405.7414333; 527.2975014; 256.9449491; -0.1359679; 0.0403507; 15.3511001; -1.4441102
407.7401596; 527.4848445; 258.9246903; -0.0510678; 0.0454033; 15.1619099; -1.2235617
409.7388859; 527.4923371; 260.9194225; 0.0435169; 0.0445000; 14.9997460; -0.1330511
411.7376121; 527.3244764; 262.8959972; 0.1245870; 0.0386453; 14.9820064; 0.3541997
413.7363384; 527.0018968; 264.8766976; 0.1972995; 0.0359550; 15.0291854; 0.3932083
415.7350647; 526.5371322; 266.8193762; 0.2729677; 0.0375876; 15.0813873; 0.3109037
417.7337910; 525.9354542; 268.6982126; 0.3482256; 0.0394900; 15.1225351; 0.2323558
419.7325172; 525.1896628; 270.5303033; 0.4254617; 0.0402430; 15.1532141; 0.8449286
421.7312435; 524.2900268; 272.3190762; 0.5059087; 0.0385976; 15.2642543; 1.5806784
423.7299698; 523.2420028; 274.0517763; 0.5811640; 0.0355186; 15.4698464; 2.2032021
425.7286960; 522.0942686; 275.6770040; 0.6472535; 0.0314719; 15.7519314; 1.9558701
427.7274223; 520.8365607; 277.2385828; 0.7079899; 0.0291452; 15.9981824; 1.8146293
429.7261486; 519.4848734; 278.7280534; 0.7656967; 0.0283869; 16.2233084; 1.6274927
431.7248749; 518.0597327; 280.1308568; 0.8202059; 0.0263116; 16.4225930; 1.6768735
433.7236011; 516.5611796; 281.4574945; 0.8720451; 0.0260146; 16.6254258; 1.7320025
435.7223274; 515.0000108; 282.7008205; 0.9246868; 0.0267111; 16.8323611; 1.9723597
437.7210537; 513.3713760; 283.8626446; 0.9771579; 0.0255078; 17.0649581; 2.1308501
439.7197800; 511.6887012; 284.9379987; 1.0266326; 0.0240323; 17.3127342; 2.3969779
441.7185062; 509.9552540; 285.9320339; 1.0731091; 0.0224645; 17.5872844; 2.6806650
443.7172325; 508.1782140; 286.8476767; 1.1163515; 0.0207731; 17.8893377; 2.8693944
445.7159588; 506.3663036; 287.6880561; 1.1561083; 0.0190506; 18.2071050; 3.1620047
447.7146850; 504.5221510; 288.4594885; 1.1925483; 0.0173991; 18.5509740; 3.3800399
449.7134113; 502.6525215; 289.1662176; 1.2257176; 0.0158222; 18.9116415; 3.5558100
451.7121376; 500.7624328; 289.8131663; 1.2557938; 0.0143010; 19.2837850; 3.8066152
453.7108639; 498.8531996; 290.4061968; 1.2830127; 0.0129252; 19.6743775; 3.9705609
455.7095901; 496.9297717; 290.9495470; 1.3075209; 0.0116414; 20.0736957; 4.1226394
457.7083164; 494.9949665; 291.4478103; 1.3295683; 0.0104329; 20.4800711; 4.3150066
459.7070427; 493.0487981; 291.9058475; 1.3493818; 0.0093855; 20.8969459; 4.4398200
461.7057690; 491.0950313; 292.3271385; 1.3671311; 0.0084152; 21.3173713; 4.5658463
463.7044952; 489.1350679; 292.7153837; 1.3830501; 0.0075180; 21.7412527; 4.6965163
465.7032215; 487.1680918; 293.0743034; 1.3973139; 0.0067522; 22.1688108; 4.7946405
467.7019478; 485.1973830; 293.4064839; 1.4100464; 0.0059890; 22.5969582; 4.8934021
469.7006740; 483.2231255; 293.7150172; 1.4212380; 0.0052094; 23.0257174; 4.9694750
471.6994003; 481.2453384; 294.0028073; 1.4312370; 0.0048175; 23.4531214; 5.0419721
473.6981266; 479.2649437; 294.2715362; 1.4404887; 0.0044422; 23.8789436; 5.1079904
475.6968529; 477.2819167; 294.5227097; 1.4489999; 0.0040747; 24.3027343; 5.1440614
477.6955791; 475.2971161; 294.7576771; 1.4568158; 0.0037503; 24.7221770; 5.1964463
479.6943054; 473.3105029; 294.9777684; 1.4640056; 0.0034646; 25.1387865; 5.2351789
481.6930317; 471.3224180; 295.1840832; 1.4706988; 0.0032329; 25.5516333; 5.2320388
483.6917579; 469.3330878; 295.3775023; 1.4769989; 0.0030818; 25.9576731; 5.2561746
485.6904842; 467.3425637; 295.5586650; 1.4830297; 0.0029702; 26.3592887; 5.2523389
487.6892105; 465.3510208; 295.7279916; 1.4889047; 0.0029087; 26.7545898; 5.2155772
489.6879368; 463.3585132; 295.8857278; 1.4946761; 0.0028703; 27.1414277; 5.2258112
491.6866630; 461.3651463; 296.0320295; 1.5003799; 0.0028380; 27.5235723; 5.2072792
493.6853893; 459.3709906; 296.1670200; 1.5060230; 0.0028087; 27.8991556; 5.1777074
495.6841156; 457.3760736; 296.2908148; 1.5116093; 0.0027814; 28.2676586; 5.1861724
497.6828419; 455.3805434; 296.4035150; 1.5171418; 0.0027550; 28.6320100; 5.1640889
499.6815681; 453.3844105; 296.5052253; 1.5226231; 0.0027298; 28.9902604; 5.1406301
501.6802944; 451.3877256; 296.5960436; 1.5280554; 0.0027064; 29.3425395; 5.1476195
503.6790207; 449.3906251; 296.6760579; 1.5334427; 0.0026873; 29.6911096; 5.1225025
505.6777469; 447.3930898; 296.7453406; 1.5388074; 0.0026808; 30.0339633; 5.1040945
507.6764732; 445.3951578; 296.8039275; 1.5441447; 0.0026538; 30.3717356; 5.1098579
509.6751995; 443.3970743; 296.8519133; 1.5494141; 0.0026211; 30.7061678; 5.0823943
511.6739258; 441.3986859; 296.8894288; 1.5546292; 0.0025972; 31.0352279; 5.0678155
513.6726520; 439.4001452; 296.9165685; 1.5597992; 0.0025775; 31.3599063; 5.0721780
515.6713783; 437.4015452; 296.9334117; 1.5649328; 0.0025591; 31.6815327; 5.0420471
517.6701046; 435.4028233; 296.9400335; 1.5700269; 0.0025381; 31.9980446; 5.0305897
519.6688309; 433.4041200; 296.9365129; 1.5750856; 0.0025276; 32.3107474; 5.0292879
521.6675571; 431.4054556; 296.9228945; 1.5801336; 0.0025304; 32.6203731; 4.9673720
523.6662834; 429.4068851; 296.8991421; 1.5852453; 0.0025845; 32.9233287; 4.9092312
525.6650097; 427.4084775; 296.8650612; 1.5904774; 0.0026588; 33.2200240; 4.8720199
527.6637359; 425.4102252; 296.8203585; 1.5958784; 0.0027440; 33.5118734; 4.7699449
529.6624622; 423.4123152; 296.7647067; 1.6014333; 0.0028145; 33.7951667; 4.7212445
531.6611885; 421.4147348; 296.6978128; 1.6071383; 0.0029007; 34.0732482; 4.6811445
533.6599148; 419.4174896; 296.6193338; 1.6130340; 0.0030038; 34.3467450; 4.5076920
535.6586410; 417.4208798; 296.5288239; 1.6192214; 0.0031877; 34.6080652; 4.3639918
537.6573673; 415.4248330; 296.4255829; 1.6258023; 0.0034188; 34.8591886; 4.2355698
539.6560936; 413.4294525; 296.3086942; 1.6329061; 0.0036902; 35.1012039; 3.8724106
541.6548199; 411.4351359; 296.1770802; 1.6405861; 0.0039950; 35.3210177; 3.6927521
543.6535461; 409.4418595; 296.0295454; 1.6488623; 0.0042736; 35.5293667; 3.5176755
545.6522724; 407.4498617; 295.8649893; 1.6576576; 0.0045271; 35.7267076; 3.1058082
547.6509987; 405.4595429; 295.6825150; 1.6668248; 0.0046451; 35.9000412; 2.2704737
549.6497249; 403.4709418; 295.4815724; 1.6761990; 0.0047046; 36.0262275; 1.3307079
551.6484512; 401.4842857; 295.2619477; 1.6855978; 0.0047000; 36.0999794; -1.1416933
553.6471775; 399.4998519; 295.0237352; 1.6948990; 0.0046030; 36.0367125; -2.5348059
555.6459038; 397.5176457; 294.7672744; 1.7039825; 0.0044664; 35.8958477; -4.1783640
557.6446300; 395.5377875; 294.4931356; 1.7127274; 0.0042840; 35.6624322; -6.7013829
559.6433563; 393.5604018; 294.2020909; 1.7210610; 0.0040508; 35.2848495; -7.7059384
561.6420826; 391.5853972; 293.8950423; 1.7289115; 0.0037919; 34.8456093; -8.8805144
563.6408089; 389.6127645; 293.5730402; 1.7361993; 0.0035006; 34.3324489; -9.4738546
565.6395351; 387.6424784; 293.2372677; 1.7428783; 0.0031788; 33.7764084; -9.6254964
567.6382614; 385.6743274; 292.8889730; 1.7489223; 0.0028986; 33.2019322; -9.8255511
569.6369877; 383.7082243; 292.5292574; 1.7545195; 0.0027021; 32.6050782; -9.6997635
571.6357139; 381.7441790; 292.1587755; 1.7600236; 0.0028656; 32.0049493; -9.3397099
573.6344402; 379.7822193; 291.7770244; 1.7660413; 0.0032772; 31.4162654; -8.7566933
575.6331665; 377.8228443; 291.3823144; 1.7733906; 0.0040768; 30.8541289; -7.7346116
577.6318928; 375.8668425; 290.9715720; 1.7825221; 0.0051088; 30.3489460; -7.0890637
579.6306190; 373.9151099; 290.5408725; 1.7938216; 0.0061946; 29.8784258; -6.1979830
581.6293453; 371.9688409; 290.0860420; 1.8072753; 0.0072671; 29.4608925; -5.5681972
583.6280716; 370.0294451; 289.6030909; 1.8227083; 0.0081229; 29.0806737; -5.2322332
585.6267978; 368.0979477; 289.0886684; 1.8397197; 0.0088605; 28.7188088; -4.8822681
587.6255241; 366.1759685; 288.5402180; 1.8580035; 0.0094361; 28.3769862; -4.6813314
589.6242504; 364.2647600; 287.9556691; 1.8773906; 0.0099423; 28.0453195; -4.5292613
591.6229767; 362.3653440; 287.3331966; 1.8977345; 0.0104104; 27.7206500; -4.3069707
593.6217029; 360.4793529; 286.6713579; 1.9190103; 0.0108832; 27.4083477; -4.1870356
595.6204292; 358.6084002; 285.9688347; 1.9410089; 0.0110022; 27.1012924; -4.0961960
597.6191555; 356.7533757; 285.2253860; 1.9629079; 0.0109751; 26.7974943; -4.0048708
599.6178818; 354.9157312; 284.4414562; 1.9852649; 0.0113911; 26.4971021; -3.9302553
601.6166080; 353.0961925; 283.6157730; 2.0085341; 0.0119998; 26.1989582; -3.8495622
603.6153343; 351.2950540; 282.7457125; 2.0333359; 0.0127764; 25.9036092; -3.5887903
605.6140606; 349.5183781; 281.8310099; 2.0593033; 0.0132256; 25.6252014; -2.9501652
607.6127868; 347.7655233; 280.8691145; 2.0862133; 0.0136586; 25.3940505; -2.4042122
609.6115131; 346.0404601; 279.8602312; 2.1139089; 0.0140672; 25.2041084; -1.5481560
611.6102394; 344.3434682; 278.8028673; 2.1421635; 0.0141984; 25.0810366; -1.4333904
613.6089657; 342.6780538; 277.6983333; 2.1707295; 0.0144302; 24.9665474; -1.3056017
615.6076919; 341.0453405; 276.5463498; 2.1998595; 0.0147171; 24.8618062; -1.3305018
617.6064182; 339.4464466; 275.3464228; 2.2293610; 0.0147911; 24.7546115; -1.3389901
619.6051445; 337.8834127; 274.0994692; 2.2590241; 0.0148562; 24.6462622; -1.3513185
621.6038708; 336.3592136; 272.8075769; 2.2887869; 0.0149605; 24.5364302; -1.1386937
623.6025970; 334.8717986; 271.4683533; 2.3189031; 0.0151418; 24.4434968; -0.7819592
625.6013233; 333.4279951; 270.0869481; 2.3493879; 0.0153238; 24.3794727; -0.1755378
627.6000496; 332.0278399; 268.6627440; 2.3800525; 0.0153906; 24.3650772; 0.1442385
629.5987758; 330.6693006; 267.1932441; 2.4106818; 0.0151642; 24.3769065; 0.1979308
631.5975021; 329.3590051; 265.6867354; 2.4408387; 0.0153756; 24.3931300; 0.1892975
633.5962284; 328.0954619; 264.1402479; 2.4725960; 0.0163980; 24.4086358; 0.1602208
635.5949547; 326.8832880; 262.5540600; 2.5055228; 0.0164392; 24.4217521; 0.1327137
637.5936809; 325.7240611; 260.9295915; 2.5378853; 0.0158967; 24.4326112; 0.1009019
639.5924072; 324.6131807; 259.2634688; 2.5689063; 0.0150617; 24.4408642; 0.0380880
641.5911335; 323.5584117; 257.5721679; 2.5991408; 0.0153374; 24.4439787; 0.0492322
643.5898598; 322.5522619; 255.8430750; 2.6301094; 0.0155258; 24.4480040; 0.0670286
645.5885860; 321.5996267; 254.0822687; 2.6612595; 0.0156222; 24.4534833; 0.5851666
647.5873123; 320.7040363; 252.2964000; 2.6921127; 0.0152506; 24.5012657; 1.0710063
649.5860386; 319.8619273; 250.4810258; 2.7221341; 0.0143095; 24.5884793; 1.8168634
651.5847648; 319.0728855; 248.6448148; 2.7486577; 0.0122564; 24.7357260; 2.1680886
653.5834911; 318.3290466; 246.7881353; 2.7722381; 0.0115317; 24.9102985; 2.1723004
655.5822174; 317.6291742; 244.9174046; 2.7948646; 0.0113696; 25.0839917; 1.9830616
657.5809437; 316.9718729; 243.0300980; 2.8182745; 0.0120538; 25.2415101; 1.7851569
659.5796699; 316.3598370; 241.1269646; 2.8426404; 0.0121978; 25.3824726; 1.7252029
661.5783962; 315.7946425; 239.2103744; 2.8670033; 0.0121636; 25.5179610; 1.7245919
663.5771225; 315.2760144; 237.2801011; 2.8911672; 0.0120125; 25.6526861; 1.9605719
665.5758487; 314.8037547; 235.3378322; 2.9148210; 0.0115738; 25.8049917; 2.1892506
667.5745750; 314.3766795; 233.3858253; 2.9373769; 0.0109287; 25.9740067; 2.7259201
669.5733013; 313.9920525; 231.4243705; 2.9581935; 0.0098978; 26.1829288; 3.2883748
671.5720276; 313.6462318; 229.4557381; 2.9767705; 0.0086092; 26.4327615; 3.6921181
673.5707538; 313.3343843; 227.4818348; 2.9925644; 0.0072012; 26.7104839; 4.3096693
675.5694801; 313.0509227; 225.5031879; 3.0055752; 0.0058160; 27.0310497; 4.6575675
677.5682064; 312.7905498; 223.5213928; 3.0159651; 0.0046603; 27.3732726; 4.9015561
679.5669327; 312.5487024; 221.5376360; 3.0242543; 0.0036975; 27.7288621; 5.1259930
681.5656589; 312.3216790; 219.5516952; 3.0311100; 0.0031617; 28.0959197; 5.1589965
683.5643852; 312.1072948; 217.5644406; 3.0370706; 0.0029034; 28.4605613; 5.1905011
685.5631115; 311.9044914; 215.5762915; 3.0427697; 0.0027831; 28.8227745; 5.1548093
687.5618377; 311.7126498; 213.5866698; 3.0480849; 0.0025349; 29.1780472; 5.1545778
689.5605640; 311.5308053; 211.5961875; 3.0526796; 0.0019303; 29.5290301; 5.1656610
691.5592903; 311.3566412; 209.6052493; 3.0557168; 0.0010770; 29.8766314; 5.1368706
693.5580166; 311.1866049; 207.6136310; 3.0567593; -0.0000345; 30.2183305; 5.1253496
695.5567428; 311.0164618; 205.6220727; 3.0556428; -0.0010431; 30.5554552; 5.1253603
697.5554691; 310.8421997; 203.6311787; 3.0526194; -0.0019310; 30.8889013; 5.0789556
699.5541954; 310.6604419; 201.6405956; 3.0482999; -0.0023912; 31.2158150; 4.9870996
701.5529217; 310.4692093; 199.6510109; 3.0431255; -0.0027463; 31.5335187; 4.9001649
703.5516479; 310.2670875; 197.6627273; 3.0373433; -0.0030613; 31.8425969; 4.6020162
705.5503742; 310.0526847; 195.6754377; 3.0307366; -0.0035494; 32.1301622; 4.2729091
707.5491005; 309.8241756; 193.6897994; 3.0231015; -0.0041220; 32.3948773; 3.9942847
709.5478267; 309.5793309; 191.7062738; 3.0142403; -0.0047461; 32.6403896; 3.4103198
711.5465530; 309.3156532; 189.7249601; 3.0041259; -0.0053746; 32.8485559; 2.9979892
713.5452793; 309.0307358; 187.7466629; 2.9927997; -0.0059330; 33.0304700; 2.6799926
715.5440056; 308.7223968; 185.7719660; 2.9804272; -0.0064315; 33.1922444; 2.1792019
717.5427318; 308.3887406; 183.8012834; 2.9671925; -0.0068115; 33.3232103; 1.8741380
719.5414581; 308.0283136; 181.8353805; 2.9532375; -0.0071312; 33.4354322; 1.6475991
721.5401844; 307.6399061; 179.8748054; 2.9387042; -0.0073810; 33.5337788; 1.3178822
723.5389107; 307.2227226; 177.9201777; 2.9239102; -0.0074223; 33.6122373; 1.1224221
725.5376369; 306.7765299; 175.9715792; 2.9090951; -0.0073693; 33.6789151; 0.9837075
727.5363632; 306.3017009; 174.0298768; 2.8944335; -0.0073671; 33.7372442; 0.7979255
729.5350895; 305.7980406; 172.0950717; 2.8792795; -0.0078014; 33.7844834; 0.7014083
731.5338157; 305.2641752; 170.1677807; 2.8634027; -0.0079790; 33.8259540; 0.6383804
733.5325420; 304.7002691; 168.2513618; 2.8474223; -0.0080158; 33.8636540; 0.5726226
735.5312683; 304.1052432; 166.3426038; 2.8313825; -0.0080333; 33.8974349; 0.5564600
737.5299946; 303.4794819; 164.4431723; 2.8153077; -0.0080319; 33.9302301; 0.5559132
739.5287208; 302.8241333; 162.5563879; 2.7992850; -0.0080115; 33.9629614; 0.5750993
741.5274471; 302.1382626; 160.6792262; 2.7832925; -0.0079928; 33.9967893; 0.6255007
743.5261734; 301.4222052; 158.8132060; 2.7668651; -0.0085590; 34.0335436; 0.6695010
745.5248997; 300.6752540; 156.9617642; 2.7492779; -0.0087823; 34.0728395; 0.7267531
747.5236259; 299.8951276; 155.1211605; 2.7323407; -0.0081429; 34.1154445; 0.8118222
749.5223522; 299.0860497; 153.2960221; 2.7163909; -0.0078772; 34.1629737; 0.8606504
751.5210785; 298.2473068; 151.4816093; 2.7008246; -0.0077423; 34.2132895; 0.9088120
753.5198047; 297.3795683; 149.6783659; 2.6853674; -0.0077056; 34.2663408; 0.9794744
755.5185310; 296.4863633; 147.8930525; 2.6700539; -0.0076384; 34.3234252; 1.0114894
757.5172573; 295.5647663; 146.1191609; 2.6548525; -0.0075614; 34.3822759; 1.0430151
759.5159836; 294.6156132; 144.3578633; 2.6398050; -0.0074842; 34.4428556; 1.1038886
761.5147098; 293.6418329; 142.6138716; 2.6249166; -0.0074283; 34.5068550; 1.1518673
763.5134361; 292.6415162; 140.8832172; 2.6101228; -0.0073553; 34.5735098; 1.1988030
765.5121624; 291.6154393; 139.1667526; 2.5955187; -0.0072505; 34.6427443; 1.3305506
767.5108886; 290.5656084; 137.4669631; 2.5811495; -0.0071357; 34.7194261; 1.4431976
769.5096149; 289.4910891; 135.7814380; 2.5670082; -0.0070011; 34.8024089; 1.5505020
771.5083412; 288.3927758; 134.1106498; 2.5531592; -0.0068517; 34.8913416; 1.8482911
773.5070675; 287.2723310; 132.4559137; 2.5397030; -0.0066178; 34.9970595; 2.0594392
775.5057937; 286.1297090; 130.8155736; 2.5267287; -0.0063324; 35.1144797; 2.2634536
777.5045200; 284.9666346; 129.1901254; 2.5144076; -0.0059991; 35.2430807; 2.7565105
779.5032463; 283.7840762; 127.5783303; 2.5030163; -0.0053978; 35.3990643; 3.0154856
781.5019726; 282.5843874; 125.9796829; 2.4927562; -0.0049415; 35.5689192; 3.2893800
783.5006988; 281.3691753; 124.3932708; 2.4831910; -0.0046308; 35.7532817; 3.7294493
785.4994251; 280.1389430; 122.8175998; 2.4743167; -0.0042463; 35.9611659; 3.8867263
787.4981514; 278.8955580; 121.2526604; 2.4661954; -0.0039017; 36.1765457; 4.0526808
789.4968776; 277.6402459; 119.6977728; 2.4586966; -0.0036032; 36.3997645; 4.1423983
791.4956039; 276.3731857; 118.1514342; 2.4516151; -0.0034877; 36.6265190; 4.1262796
793.4943302; 275.0956270; 116.6142788; 2.4447328; -0.0034224; 36.8510041; 4.0997271
795.4930565; 273.8078749; 115.0862581; 2.4379071; -0.0034095; 37.0726984; 4.0312127
797.4917827; 272.5092327; 113.5663600; 2.4312001; -0.0032957; 37.2894026; 4.0094916
799.4905090; 271.2010652; 112.0555877; 2.4247122; -0.0032237; 37.5036972; 3.9838104
801.4892353; 269.8831118; 110.5531975; 2.4182873; -0.0032049; 37.7154132; 3.9349332
803.4879616; 268.5555692; 109.0590799; 2.4121176; -0.0029605; 37.9233715; 3.9246742
805.4866878; 267.2192127; 107.5728313; 2.4064891; -0.0026304; 38.1296578; 3.9122886
807.4854141; 265.8750245; 106.0935640; 2.4016501; -0.0022115; 38.3341883; 3.8749701
809.4841404; 264.5244267; 104.6203240; 2.3977065; -0.0017328; 38.5356977; 3.8629503
811.4828666; 263.1686759; 103.1517096; 2.3947171; -0.0012656; 38.7355387; 3.8484010
813.4815929; 261.8091489; 101.6864632; 2.3926392; -0.0008136; 38.9336071; 3.7989391
815.4803192; 260.4473239; 100.2235982; 2.3913808; -0.0004483; 39.1281464; 3.7804478
817.4790455; 259.0841121; 98.7618826; 2.3908237; -0.0001352; 39.3207833; 3.7592282
819.4777717; 257.7204523; 97.3004938; 2.3908110; 0.0001224; 39.5114077; 3.7038408
821.4764980; 256.3572134; 95.8389219; 2.3912262; 0.0002906; 39.6983282; 3.6842811
823.4752243; 254.9947625; 94.3765001; 2.3919567; 0.0004229; 39.8833926; 3.6622053
825.4739506; 253.6335070; 92.9128929; 2.3928972; 0.0005181; 40.0665009; 3.6093834
827.4726768; 252.2738292; 91.4479887; 2.3939798; 0.0005639; 40.2461530; 3.5910856
829.4714031; 250.9157594; 89.9815089; 2.3951437; 0.0005921; 40.4241021; 3.5704146
831.4701294; 249.5593866; 88.5133852; 2.3963371; 0.0006020; 40.6002536; 3.5213535
833.4688556; 248.2048308; 87.0437237; 2.3975089; 0.0005694; 40.7732392; 3.5042964
835.4675819; 246.8518909; 85.5724566; 2.3986185; 0.0005469; 40.9446613; 3.4848968
837.4663082; 245.5005838; 84.0997338; 2.3997018; 0.0005371; 41.1144257; 3.4392758
839.4650345; 244.1508482; 82.6255688; 2.4007459; 0.0005070; 41.2812832; 3.4231228
841.4637607; 242.8026194; 81.1500513; 2.4017257; 0.0004701; 41.4466900; 3.4046269
843.4624870; 241.4557725; 79.6732639; 2.4026216; 0.0004263; 41.6105509; 3.3613692
845.4612133; 240.1101824; 78.1953313; 2.4034256; 0.0003781; 41.7716993; 3.3458361
847.4599395; 238.7657101; 76.7163832; 2.4041321; 0.0003278; 41.9314880; 3.3279698
849.4586658; 237.4222013; 75.2365488; 2.4047347; 0.0002752; 42.0898216; 3.2867608
851.4573921; 236.0795145; 73.7559875; 2.4052288; 0.0002191; 42.2456123; 3.2717202
853.4561184; 234.7374710; 72.2748330; 2.4056099; 0.0001614; 42.4001215; 3.2543373
855.4548446; 233.3958969; 70.7932370; 2.4058729; 0.0001019; 42.5532532; 3.2148310
857.4535709; 232.0546398; 69.3113869; 2.4060147; 0.0000399; 42.7039869; 3.2001574
859.4522972; 230.7134915; 67.8294201; 2.4060320; -0.0000229; 42.8535060; 3.1831114
861.4510235; 229.3722655; 66.3475039; 2.4059227; -0.0000864; 43.0017129; 3.1450260
863.4497497; 228.0308045; 64.8658425; 2.4056867; -0.0001496; 43.1476465; 3.1306388
865.4484760; 226.6888893; 63.3845697; 2.4053252; -0.0002114; 43.2924241; 3.1138315
867.4472023; 225.3463371; 61.9038512; 2.4048425; -0.0002716; 43.4359457; 3.0770680
869.4459285; 224.0030062; 60.4238859; 2.4042430; -0.0003282; 43.5773084; 3.0630369
871.4446548; 222.6586878; 58.9447816; 2.4035342; -0.0003769; 43.7175726; 3.0465413
873.4433811; 221.3132556; 57.4666879; 2.4027413; -0.0004164; 43.8566364; 3.0112694
875.4421074; 219.9666098; 55.9897197; 2.4018829; -0.0004419; 43.9936582; 2.5281410
877.4408336; 218.6186565; 54.5139361; 2.4009782; -0.0004593; 44.1083676; 1.9359848
879.4395599; 217.2693498; 53.0393890; 2.4000517; -0.0004678; 44.1960077; -0.0106765
881.4382862; 215.9186734; 51.5661006; 2.3991218; -0.0004619; 44.1955248; -1.3078316
883.4370125; 214.5666366; 50.0940576; 2.3982081; -0.0004489; 44.1363390; -2.7761033
885.4357387; 213.2132827; 48.6232293; 2.3973317; -0.0004280; 44.0104429; -5.5382750
887.4344650; 211.8586734; 47.1535512; 2.3965088; -0.0003947; 43.7582003; -6.9369158
889.4331913; 210.5029072; 45.6849435; 2.3957562; -0.0003553; 43.4401899; -8.4669306
891.4319175; 209.1461027; 44.2173015; 2.3950923; -0.0003091; 43.0488553; -10.6771589
893.4306438; 207.7883875; 42.7504882; 2.3945263; -0.0002568; 42.5502351; -11.4073844
895.4293701; 206.4299240; 41.2843760; 2.3940679; -0.0001991; 42.0109751; -12.1591638
897.4280964; 205.0708825; 39.8188084; 2.3937338; -0.0001351; 41.4284486; -12.3335359
899.4268226; 203.7114288; 38.3536029; 2.3935140; -0.0000857; 40.8290782; -12.2591606
901.4255489; 202.3517289; 36.8886376; 2.3933862; -0.0000484; 40.2244728; -12.1818261
903.4242752; 200.9918908; 35.4238119; 2.3933127; -0.0000252; 39.6145420; -12.1508077
905.4230015; 199.6319620; 33.9590430; 2.3932782; -0.0000098; 38.9966622; -12.0468932
907.4217277; 198.2720122; 32.4943098; 2.3932716; 0.0000005; 38.3742463; -11.9513422
909.4204540; 196.9120704; 31.0295842; 2.3932767; 0.0000046; 37.7466271; -11.9266592
911.4191803; 195.5521215; 29.5648286; 2.3932849; 0.0000032; 37.1097238; -11.8210831
913.4179065; 194.1921931; 28.1000761; 2.3932896; 0.0000016; 36.4674839; -11.7250725
915.4166328; 192.8322789; 26.6353294; 2.3932916; 0.0000004; 35.8190866; -11.7075992
917.4153591; 191.4723430; 25.1705559; 2.3932922; 0.0000002; 35.1597268; -11.5997577
919.4140854; 190.1124221; 23.7057973; 2.3932926; 0.0000002; 34.4940127; -11.5027664
921.4128116; 188.7525134; 22.2410504; 2.3932932; 0.0000004; 33.8209277; -11.4937474
923.4115379; 187.3925771; 20.7762713; 2.3932942; 0.0000005; 33.1347165; -11.3828481
925.4102642; 186.0326599; 19.3115098; 2.3932953; 0.0000006; 32.4408237; -11.2841208
927.4089904; 184.6727581; 17.8467615; 2.3932965; 0.0000007; 31.7379789; -11.2853246
929.4077167; 183.3128248; 16.3819755; 2.3932977; 0.0000006; 31.0191353; -11.1702976
931.4064430; 181.9529110; 14.9172072; 2.3932989; 0.0000007; 30.2908240; -11.0687074
933.4051693; 180.5930181; 13.4524571; 2.3933007; 0.0000011; 29.5514363; -11.0827736
935.4038955; 179.2330956; 11.9876697; 2.3933020; -0.0000000; 28.7920914; -10.9620884
937.4026218; 177.8731753; 10.5228841; 2.3933022; 0.0000022; 28.0207798; -10.8558279
939.4013481; 176.5132966; 9.0581291; 2.3933134; 0.0000090; 27.2354262; -10.8887118
941.4000744; 175.1534247; 7.5932965; 2.3933734; 0.0000540; 26.4242565; -10.7183297
943.3988006; 173.7939172; 6.1285635; 2.3934721; -0.0000331; 25.6006898; -10.5519444
945.3975269; 172.4339614; 4.6636011; 2.3931357; -0.0003032; 24.7631666; -10.3982386
947.3962532; 171.0736020; 3.2002799; 2.3919327; -0.0009275; 23.9091605; -10.1008489
949.3949794; 169.7099506; 1.7388784; 2.3893759; -0.0017054; 23.0493013; -9.7995888
951.3937057; 168.3409650; 0.2818074; 2.3850139; -0.0026569; 22.1832572; -9.4452079
953.3924320; 166.9651521; -1.1666759; 2.3783499; -0.0040497; 21.3152558; -9.0297041
955.3911583; 165.5766884; -2.6049513; 2.3687185; -0.0057681; 20.4510224; -8.5985456
957.3898845; 164.1715238; -4.0271692; 2.3550048; -0.0079548; 19.5926527; -8.0457795
959.3886108; 162.7454746; -5.4256479; 2.3372833; -0.0097274; 18.7539174; -7.5439319
961.3873371; 161.2934367; -6.7952720; 2.3159319; -0.0122047; 17.9318964; -6.9965460
963.3860634; 159.8053112; -8.1315396; 2.2878356; -0.0157756; 17.1343091; -6.2967937
965.3847896; 158.2813315; -9.4146184; 2.2515172; -0.0209946; 16.3833273; -5.7950603
967.3835159; 156.6958817; -10.6397207; 2.2040721; -0.0262807; 15.6603938; -5.1467061
969.3822422; 155.0527764; -11.7766884; 2.1464282; -0.0314302; 14.9891368; -4.5467536
971.3809684; 153.3419227; -12.8080563; 2.0784564; -0.0365907; 14.3700657; -4.1589881
973.3796947; 151.5555084; -13.7138940; 2.0000049; -0.0416728; 13.7794569; -3.6336916
975.3784210; 149.7072928; -14.4652338; 1.9122453; -0.0464010; 13.2419002; -3.3830843
977.3771473; 147.7955065; -15.0428437; 1.8147041; -0.0506290; 12.7210142; -3.0912105
979.3758735; 145.8343754; -15.4251991; 1.7113193; -0.0526387; 12.2256794; -2.9570257
981.3745998; 143.8423763; -15.5996558; 1.6042697; -0.0548739; 11.7322916; -2.8532643
983.3733261; 141.8400936; -15.5533109; 1.4891100; -0.0602752; 11.2356966; -3.1762127
985.3720524; 139.8285344; -15.2621154; 1.3628036; -0.0667793; 10.6557082; -2.1175640
987.3707786; 137.8916434; -14.7002857; 1.2079421; -0.0835886; 10.2508174; -0.8002112
989.3695049; 136.1421847; -13.8613202; 1.0354959; -0.0963661; 10.0935846; -0.8214177
991.3682312; 134.5474850; -12.6704946; 0.8226804; -0.0974289; 9.9295958; 1.2448125
993.3669574; 133.2374704; -11.2328462; 0.6610589; -0.0754718; 10.1770797; 1.5745531
995.3656837; 132.1161811; -9.5561789; 0.5226719; -0.0618060; 10.4817533; 1.4767806
997.3644100; 131.2126620; -7.7384806; 0.3999590; -0.0616058; 10.7596707; 1.4511773
999.3631363; 130.5486492; -5.8550937; 0.2785104; -0.0602113; 11.0259478; 1.5194423
1001.3618625; 130.1161569; -3.9036723; 0.1575503; -0.0603562; 11.2980274; 1.6152711
1003.3605888; 129.9210910; -1.9161127; 0.0387868; -0.0583307; 11.5802588; 1.8736607
1005.3593151; 129.9569869; 0.0782052; -0.0729449; -0.0532129; 11.8992547; 2.0627786
1007.3580414; 130.2058969; 2.0647980; -0.1748216; -0.0483007; 12.2408383; 2.5214971
1009.3567676; 130.6433581; 4.0143571; -0.2643606; -0.0414472; 12.6458565; 2.8716814
1011.3554939; 131.2421999; 5.9248483; -0.3409347; -0.0348576; 13.0918714; 3.2158311
1013.3542202; 131.9705913; 7.7832661; -0.4040142; -0.0284487; 13.5739541; 3.7427308
1015.3529464; 132.8078242; 9.6072300; -0.4543342; -0.0215966; 14.1143054; 4.0419161
1017.3516727; 133.7175247; 11.3823856; -0.4907400; -0.0156931; 14.6755234; 4.4470773
1019.3503990; 134.6837762; 13.1295999; -0.5182730; -0.0117587; 15.2691836; 4.7744180
1021.3491253; 135.6917883; 14.8539569; -0.5390925; -0.0095817; 15.8818600; 5.0210154
1023.3478515; 136.7324365; 16.5584868; -0.5565718; -0.0078225; 16.5016589; 5.2498625
1025.3465778; 137.8005347; 18.2482850; -0.5700759; -0.0056911; 17.1257357; 5.3814568
1027.3453041; 138.8882734; 19.9259481; -0.5800482; -0.0045870; 17.7426870; 5.4956532
1029.3440303; 139.9903340; 21.5920064; -0.5885415; -0.0040042; 18.3513366; 5.4512240
1031.3427566; 141.1067273; 23.2503225; -0.5964694; -0.0039277; 18.9357483; 5.4494205
1033.3414829; 142.2360666; 24.8997757; -0.6042294; -0.0038274; 19.5024707; 5.4836785
1035.3402092; 143.3773476; 26.5396247; -0.6117607; -0.0037167; 20.0565976; 5.4297209
1037.3389354; 144.5314691; 28.1718985; -0.6191161; -0.0036416; 20.5905842; 5.4288291
1039.3376617; 145.6973041; 29.7955379; -0.6263172; -0.0035627; 21.1109840; 5.4537007
1041.3363880; 146.8742403; 31.4102478; -0.6333548; -0.0034866; 21.6211599; 5.4013240
1043.3351143; 148.0629288; 33.0174000; -0.6402876; -0.0034492; 22.1148387; 5.3976224
1045.3338405; 149.2625048; 34.6161351; -0.6470931; -0.0033324; 22.5974076; 5.4158976
1047.3325668; 150.4724579; 36.2065348; -0.6535838; -0.0031297; 23.0714678; 5.3689650
1049.3312931; 151.6925451; 37.7898043; -0.6593934; -0.0026826; 23.5319954; 5.3641562
1051.3300193; 152.9209891; 39.3663932; -0.6642625; -0.0021653; 23.9832810; 5.3790342
1053.3287456; 154.1561473; 40.9375338; -0.6680348; -0.0016151; 24.4274477; 5.3351652
1055.3274719; 155.3964595; 42.5047617; -0.6707505; -0.0011021; 24.8601543; 5.3240538
1057.3261982; 156.6401376; 44.0690803; -0.6725396; -0.0007423; 25.2845788; 5.3333868
1059.3249244; 157.8864454; 45.6319301; -0.6737479; -0.0004727; 25.7027214; 5.2892824
1061.3236507; 159.1340372; 47.1933317; -0.6744620; -0.0002421; 26.1107936; 5.2764097
1063.3223770; 160.3824410; 48.7541767; -0.6747494; -0.0000630; 26.5116151; 5.2839156
1065.3211033; 161.6311894; 50.3150456; -0.6747247; 0.0000801; 26.9070240; 5.2435542
1067.3198295; 162.8795337; 51.8758852; -0.6744697; 0.0001751; 27.2937502; 5.2307319
1069.3185558; 164.1273676; 53.4371942; -0.6740423; 0.0002436; 27.6741468; 5.2370343
1071.3172821; 165.3745541; 54.9992501; -0.6735014; 0.0002941; 28.0498342; 5.1992730
1073.3160083; 166.6207043; 56.5618735; -0.6728859; 0.0003217; 28.4179001; 5.1872901
1075.3147346; 167.8658778; 58.1253283; -0.6722229; 0.0003377; 28.7804272; 5.1927029
1077.3134609; 169.1100674; 59.6897124; -0.6715383; 0.0003459; 29.1388156; 5.1570090
1079.3121872; 170.3530959; 61.2548492; -0.6708483; 0.0003446; 29.4904302; 5.1461732
1081.3109134; 171.5950707; 62.8208711; -0.6701635; 0.0003390; 29.8371757; 5.1508584
1083.3096397; 172.8360154; 64.3877732; -0.6694941; 0.0003306; 30.1802480; 5.1168505
1085.3083660; 174.0758854; 65.9554443; -0.6688434; 0.0003205; 30.5172367; 5.1071941
1087.3070923; 175.3147697; 67.5239301; -0.6682175; 0.0003032; 30.8499190; 5.1112093
1089.3058185; 176.5527037; 69.0931665; -0.6676329; 0.0002803; 31.1793091; 5.0784795
1091.3045448; 177.7897729; 70.6631065; -0.6671057; 0.0002472; 31.5031792; 5.0700204
1093.3032711; 179.0260829; 72.2336930; -0.6666238; 0.0002471; 31.8232221; 5.0735171
1095.3019973; 180.2615180; 73.8047669; -0.6661111; 0.0002630; 32.1402957; 5.0422303
1097.3007236; 181.4962214; 75.3765919; -0.6655921; 0.0002564; 32.4523448; 5.0156947
1099.2994499; 182.7300942; 76.9490179; -0.6650854; 0.0002511; 32.7598029; 4.9975495
1101.2981762; 183.9631189; 78.5219883; -0.6645878; 0.0002472; 33.0633052; 4.9001409
1103.2969024; 185.1954433; 80.0956683; -0.6640950; 0.0002459; 33.3582109; 4.8479038
1105.2956287; 186.4269717; 81.6699264; -0.6636030; 0.0002474; 33.6474293; 4.8135364
1107.2943550; 187.6576738; 83.2447324; -0.6631055; 0.0002510; 33.9321585; 4.7252225
1109.2930812; 188.8876464; 84.8202366; -0.6625960; 0.0002589; 34.2093589; 4.6779495
1111.2918075; 190.1167833; 86.3963524; -0.6620685; 0.0002704; 34.4815910; 4.6463551
1113.2905338; 191.3450370; 87.9730924; -0.6615143; 0.0002849; 34.7498734; 4.5657395
1115.2892601; 192.5724313; 89.5505868; -0.6609240; 0.0003057; 35.0114985; 4.5224327
1117.2879863; 193.7988440; 91.1288102; -0.6602891; 0.0003317; 35.2687289; 4.4931579
1119.2867126; 195.0241997; 92.7078334; -0.6595968; 0.0003621; 35.5224496; 4.4190112
1121.2854389; 196.2484234; 94.2877651; -0.6588335; 0.0004016; 35.7702280; 4.3788789
1123.2841652; 197.4713650; 95.8686647; -0.6579867; 0.0004486; 36.0140746; 4.3514967
1125.2828914; 198.6929031; 97.4506799; -0.6570382; 0.0005020; 36.2547717; 4.2826124
1127.2816177; 199.9128307; 99.0339017; -0.6559686; 0.0005683; 36.4901084; 4.2449303
1129.2803440; 201.1309519; 100.6185025; -0.6547603; 0.0006449; 36.7218861; 4.2189511
1131.2790702; 202.3470727; 102.2047294; -0.6533880; 0.0007302; 36.9508048; 4.1539459
1133.2777965; 203.5608160; 103.7926639; -0.6518264; 0.0008325; 37.1748191; 4.1178813
1135.2765228; 204.7719163; 105.3826221; -0.6500523; 0.0009478; 37.3955641; 4.0926235
1137.2752491; 205.9800756; 106.9749694; -0.6480343; 0.0010737; 37.6136715; 4.0296761
1139.2739753; 207.1847123; 108.5697876; -0.6457425; 0.0012195; 37.8271955; 3.9941161
1141.2727016; 208.3854703; 110.1675589; -0.6431511; 0.0013790; 38.0376525; 3.9685900
1143.2714279; 209.5819217; 111.7687711; -0.6402267; 0.0015491; 38.2456175; 3.9052839
1145.2701542; 210.7732672; 113.3735049; -0.6369422; 0.0017375; 38.4491670; 3.8689100
1147.2688804; 211.9590595; 114.9824062; -0.6332755; 0.0019356; 38.6497637; 3.8419297
1149.2676067; 213.1387458; 116.5960580; -0.6292023; 0.0021406; 38.8479364; 3.7757449
1151.2663330; 214.3113388; 118.2145035; -0.6247112; 0.0023535; 39.0417152; 3.7378567
1153.2650592; 215.4763506; 119.8385088; -0.6197950; 0.0025659; 39.2326067; 3.7087842
1155.2637855; 216.6331702; 121.4686816; -0.6144543; 0.0027762; 39.4210999; 3.6391471
1157.2625118; 217.7807148; 123.1049318; -0.6087115; 0.0029706; 39.6051819; 3.6015018
1159.2612381; 218.9185806; 124.7480473; -0.6025789; 0.0031674; 39.7865212; 3.5717488
1161.2599643; 220.0462210; 126.3986264; -0.5960494; 0.0033641; 39.9655497; 3.5031904
1163.2586906; 221.1625019; 128.0563846; -0.5891451; 0.0035457; 40.1403662; 3.4719509
1165.2574169; 222.2672013; 129.7222626; -0.5819404; 0.0036110; 40.3128759; 3.4245834
1167.2561432; 223.3598103; 131.3959927; -0.5747482; 0.0035873; 40.4823118; 2.9425227
1169.2548694; 224.4403687; 133.0775044; -0.5675792; 0.0035861; 40.6273327; 2.0427151
1171.2535957; 225.5088495; 134.7667132; -0.5604263; 0.0035593; 40.7277034; 1.1987629
1173.2523220; 226.5652153; 136.4633616; -0.5533603; 0.0035110; 40.7864906; -1.1451271
1175.2510482; 227.6097951; 138.1675850; -0.5464192; 0.0034342; 40.7303355; -2.5622441
1177.2497745; 228.6426008; 139.8788477; -0.5396408; 0.0033394; 40.6044059; -3.8927516
1179.2485008; 229.6638251; 141.5967299; -0.5330788; 0.0032274; 40.4123334; -6.5387485
1181.2472271; 230.6742159; 143.3215732; -0.5267778; 0.0030768; 40.0876334; -7.6265121
1183.2459533; 231.6738684; 145.0523960; -0.5207928; 0.0028975; 39.7055630; -8.6763042
1185.2446796; 232.6633118; 146.7886715; -0.5152104; 0.0026893; 39.2663802; -9.9930929
1187.2434059; 233.6437844; 148.5307939; -0.5101278; 0.0023951; 38.7543766; -10.2922942
1189.2421321; 234.6157520; 150.2772986; -0.5056594; 0.0020513; 38.2198737; -10.5836220
1191.2408584; 235.5803696; 152.0274245; -0.5019550; 0.0016560; 37.6623316; -11.2014509
1193.2395847; 236.5395812; 153.7813957; -0.4990799; 0.0012194; 37.0631077; -11.3322588
1195.2383110; 237.4943404; 155.5373900; -0.4970634; 0.0008169; 36.4468625; -11.4553392
1197.2370372; 238.4459963; 157.2945199; -0.4957957; 0.0004516; 35.8131485; -11.6684034
1199.2357635; 239.3964314; 159.0532624; -0.4952022; 0.0001426; 35.1559059; -11.5861306
1201.2344898; 240.3460128; 160.8116724; -0.4951536; -0.0000176; 34.4909077; -11.4963564
1203.2332161; 241.2957170; 162.5702190; -0.4951925; -0.0000214; 33.8181397; -11.5024557
1205.2319423; 242.2454927; 164.3287323; -0.4952290; -0.0000150; 33.1313455; -11.3935194
1207.2306686; 243.1953698; 166.0873099; -0.4952486; -0.0000005; 32.4367230; -11.2767604
1209.2293949; 244.1453129; 167.8460080; -0.4952270; 0.0000221; 31.7342510; -11.2418855
1211.2281211; 245.0949976; 169.6045141; -0.4950885; 0.0001165; 31.0181202; -11.0680342
1213.2268474; 246.0443299; 171.3633634; -0.4947382; 0.0002570; 30.2965318; -10.8879385
1215.2255737; 246.9928593; 173.1229026; -0.4940385; 0.0004434; 29.5695083; -10.7306388
1217.2243000; 247.9395553; 174.8829450; -0.4928434; 0.0007524; 28.8350586; -10.4884554
1219.2230262; 248.8836885; 176.6445917; -0.4909967; 0.0011296; 28.0986388; -10.2437099
1221.2217525; 249.8239683; 178.4086261; -0.4882945; 0.0015742; 27.3602770; -9.9763522
1223.2204788; 250.7583403; 180.1751486; -0.4845599; 0.0021628; 26.6215094; -9.6819215
1225.2192051; 251.6851937; 181.9459634; -0.4796077; 0.0028353; 25.8843918; -9.3894574
1227.2179313; 252.6021404; 183.7223119; -0.4731832; 0.0035919; 25.1489131; -9.0229174
1229.2166576; 253.5058313; 185.5045025; -0.4650798; 0.0045170; 24.4212847; -8.6753719
1231.2153839; 254.3936639; 187.2953591; -0.4550660; 0.0055744; 23.7006278; -8.3334598
1233.2141101; 255.2615569; 189.0962121; -0.4427113; 0.0067890; 22.9871083; -7.8465358
1235.2128364; 256.1046229; 190.9070996; -0.4285116; 0.0074070; 22.2944162; -7.4400714
1237.2115627; 256.9205484; 192.7299455; -0.4127511; 0.0088339; 21.6171150; -7.0372164
1239.2102890; 257.7055857; 194.5706203; -0.3927577; 0.0111189; 20.9563528; -6.4126528
1241.2090152; 258.4475608; 196.4235541; -0.3682105; 0.0134886; 20.3355464; -6.0066526
1243.2077415; 259.1408161; 198.2998451; -0.3388679; 0.0157868; 19.7363406; -5.5698407
1245.2064678; 259.7743174; 200.1965170; -0.3051124; 0.0179856; 19.1639757; -5.0165917
1247.2051941; 260.3389086; 202.1136037; -0.2669715; 0.0201891; 18.6334210; -4.6961545
1249.2039203; 260.8258369; 204.0525923; -0.2243670; 0.0223733; 18.1226853; -4.3154758
1251.2026466; 261.2254894; 206.0108047; -0.1775934; 0.0244466; 17.6403178; -3.9620900
1253.2013729; 261.5289268; 207.9857307; -0.1265955; 0.0265923; 17.1855330; -3.7366046
1255.2000991; 261.7271139; 209.9745430; -0.0713855; 0.0285515; 16.7453171; -3.4546542
1257.1988254; 261.8115774; 211.9714627; -0.0125501; 0.0303754; 16.3277626; -3.2295781
1259.1975517; 261.7745350; 213.9736549; 0.0501304; 0.0322028; 15.9275153; -3.0666254
1261.1962780; 261.6087408; 215.9642260; 0.1169386; 0.0346777; 15.5379231; -2.8661479
1263.1950042; 261.3047690; 217.9441620; 0.1885028; 0.0369825; 15.1647541; -2.7593878
1265.1937305; 260.8544647; 219.8980013; 0.2652264; 0.0392040; 14.7965957; -2.6811551
1267.1924568; 260.2565309; 221.7970505; 0.3456796; 0.0415439; 14.4298806; -2.6652052
1269.1911831; 259.5001644; 223.6488662; 0.4304596; 0.0433723; 14.0558679; -1.5528809
1271.1899093; 258.5842450; 225.4300365; 0.5206336; 0.0466958; 13.8332879; -1.1594132
1273.1886356; 257.5162332; 227.1040135; 0.6161441; 0.0495748; 13.6647413; -0.8068592
1275.1873619; 256.2870417; 228.6696767; 0.7146077; 0.0486129; 13.5462088; 0.3779125
1277.1860881; 254.9065103; 230.1147101; 0.8097767; 0.0463296; 13.6018550; 0.2277169
1279.1848144; 253.4033817; 231.4199875; 0.9019662; 0.0468667; 13.6352759; 0.7623712
1281.1835407; 251.7770240; 232.5851336; 0.9957024; 0.0451038; 13.7465738; 1.3837370
1283.1822670; 250.0479883; 233.6012031; 1.0819946; 0.0409840; 13.9463154; 2.0451043
1285.1809932; 248.2496879; 234.4688278; 1.1590307; 0.0364217; 14.2363943; 1.8250479
1287.1797195; 246.3875277; 235.2041949; 1.2301703; 0.0355948; 14.4903576; 1.6827441
1289.1784458; 244.4803654; 235.8038296; 1.3026042; 0.0366833; 14.7206370; 1.5522715
1291.1771720; 242.5358574; 236.2623708; 1.3757612; 0.0364983; 14.9299124; 1.6039999
1293.1758983; 240.5651131; 236.5782072; 1.4475151; 0.0350991; 15.1431238; 1.7128753
1295.1746246; 238.5765145; 236.7555704; 1.5154589; 0.0330295; 15.3675417; 1.8712221
1297.1733509; 236.5761934; 236.8013304; 1.5798131; 0.0313035; 15.6090185; 2.1965631
1299.1720771; 234.5827196; 236.7226149; 1.6398973; 0.0289039; 15.8877977; 2.4184850
1301.1708034; 232.5929826; 236.5285609; 1.6953263; 0.0264714; 16.1891906; 2.6463305
1303.1695297; 230.6135685; 236.2289756; 1.7458936; 0.0240929; 16.5126762; 3.0179255
1305.1682560; 228.6560206; 235.8361147; 1.7907525; 0.0208938; 16.8740181; 3.2259326
1307.1669822; 226.7132098; 235.3609047; 1.8297497; 0.0182816; 17.2518985; 3.4409009
1309.1657085; 224.7899890; 234.8151509; 1.8641354; 0.0161592; 17.6460432; 3.7553489
1311.1644348; 222.8857409; 234.2070517; 1.8952745; 0.0149954; 18.0663961; 3.9408255
1313.1631610; 221.0008829; 233.5423191; 1.9239341; 0.0135398; 18.4972412; 4.1288567
1315.1618873; 219.1349413; 232.8269697; 1.9492621; 0.0118178; 18.9381319; 4.3586432
1317.1606136; 217.2859095; 232.0673226; 1.9714885; 0.0104197; 19.3926870; 4.5099871
1319.1593399; 215.4533340; 231.2694097; 1.9909773; 0.0091293; 19.8520721; 4.6601285
1321.1580661; 213.6359789; 230.4383456; 2.0080199; 0.0079366; 20.3158414; 4.8149560
1323.1567924; 211.8315210; 229.5781785; 2.0228952; 0.0069454; 20.7841519; 4.9328544
1325.1555187; 210.0394387; 228.6931499; 2.0358406; 0.0060523; 21.2532308; 5.0482505
1327.1542450; 208.2584363; 227.7866240; 2.0471200; 0.0052472; 21.7227982; 5.1429620
1329.1529712; 206.4867070; 226.8611959; 2.0569602; 0.0045979; 22.1909601; 5.2228785
1331.1516975; 204.7237492; 225.9196008; 2.0655598; 0.0040498; 22.6564983; 5.3001850
1333.1504238; 202.9685236; 224.9637882; 2.0731784; 0.0035953; 23.1193459; 5.3208993
1335.1491500; 201.2201683; 223.9952406; 2.0801120; 0.0033423; 23.5748637; 5.3286928
1337.1478763; 199.4784169; 223.0150583; 2.0866032; 0.0031931; 24.0223936; 5.3472861
1339.1466026; 197.7428198; 222.0236955; 2.0929002; 0.0031135; 24.4632565; 5.3034013
1341.1453289; 196.0135566; 221.0216026; 2.0990861; 0.0030765; 24.8927904; 5.2957123
1343.1440551; 194.2905525; 220.0089263; 2.1052132; 0.0030632; 25.3144301; 5.3064154
1345.1427814; 192.5735453; 218.9855796; 2.1113319; 0.0030474; 25.7299925; 5.2701778
1347.1415077; 190.8630410; 217.9519759; 2.1173361; 0.0029606; 26.1361780; 5.2568429
1349.1402340; 189.1588226; 216.9083431; 2.1231898; 0.0029101; 26.5351424; 5.2649639
1351.1389602; 187.4601015; 215.8544410; 2.1289745; 0.0028781; 26.9287992; 5.2312153
1353.1376865; 185.7679349; 214.7910730; 2.1346990; 0.0028505; 27.3143142; 5.2139179
1355.1364128; 184.0819744; 213.7181588; 2.1403692; 0.0028248; 27.6932148; 5.2199677
1357.1351390; 182.4014342; 212.6353140; 2.1459920; 0.0028003; 28.0674317; 5.1874380
1359.1338653; 180.7274994; 211.5434167; 2.1515648; 0.0027765; 28.4344379; 5.1689807
1361.1325916; 179.0597272; 210.4422991; 2.1570900; 0.0027529; 28.7954860; 5.1737471
1363.1313179; 177.3974464; 209.3316245; 2.1625706; 0.0027298; 29.1523896; 5.1415902
1365.1300441; 175.7417441; 208.2122302; 2.1680026; 0.0027064; 29.5027979; 5.1244117
1367.1287704; 174.0921049; 207.0838859; 2.1733884; 0.0026828; 29.8479426; 5.1284572
1369.1274967; 172.4481421; 205.9464352; 2.1787289; 0.0026598; 30.1894094; 5.0962449
1371.1262229; 170.8106261; 204.8005245; 2.1840204; 0.0026357; 30.5249478; 5.0819494
1373.1249492; 169.1790634; 203.6459276; 2.1892660; 0.0026133; 30.8559117; 5.0856332
1375.1236755; 167.5534336; 202.4827367; 2.1944684; 0.0025882; 31.1835993; 5.0535623
1377.1224018; 165.9339724; 201.3112590; 2.1995925; 0.0025396; 31.5058446; 5.0431623
1379.1211280; 164.3204091; 200.1315321; 2.2046067; 0.0024688; 31.8241739; 5.0468082
1381.1198543; 162.7128553; 198.9439829; 2.2094598; 0.0024065; 32.1395772; 5.0150513
1383.1185806; 161.1109765; 197.7485854; 2.2143491; 0.0024857; 32.4499592; 4.9872935
1385.1173069; 159.5150781; 196.5452663; 2.2193854; 0.0025476; 32.7557067; 4.9689927
1387.1160331; 157.9253425; 195.3338487; 2.2245302; 0.0026041; 33.0575200; 4.8646785
1389.1147594; 156.3418919; 194.1141198; 2.2298235; 0.0026925; 33.3503516; 4.8128372
1391.1134857; 154.7650436; 192.8859009; 2.2352894; 0.0027742; 33.6375540; 4.7768246
1393.1122119; 153.1950905; 191.6490061; 2.2409114; 0.0028512; 33.9202030; 4.6786019
1395.1109382; 151.6321202; 190.4031151; 2.2466827; 0.0029236; 34.1947753; 4.6335505
1397.1096645; 150.0764857; 189.1481371; 2.2525947; 0.0029892; 34.4645479; 4.5997257
1399.1083908; 148.5284506; 187.8839483; 2.2586298; 0.0030495; 34.7302785; 4.5072471
1401.1071170; 146.9880336; 186.6102575; 2.2647777; 0.0031021; 34.9887089; 4.4681273
1403.1058433; 145.4555872; 185.3270773; 2.2710286; 0.0031510; 35.2430259; 4.4365153
1405.1045696; 143.9313276; 184.0343360; 2.2773720; 0.0031965; 35.4937408; 4.3492660
1407.1032959; 142.4152317; 182.7317787; 2.2838009; 0.0032363; 35.7378178; 4.3149566
1409.1020221; 140.9076470; 181.4194893; 2.2903078; 0.0032734; 35.9783331; 4.2852679
1411.1007484; 139.4087502; 180.0974270; 2.2968847; 0.0033079; 36.2156128; 4.2027754
1413.0994747; 137.9185013; 178.7653747; 2.3035268; 0.0033381; 36.4468243; 4.1724167
1415.0982009; 136.4372316; 177.4234624; 2.3102280; 0.0033663; 36.6749239; 4.1444419
1417.0969272; 134.9650836; 176.0716694; 2.3169823; 0.0033925; 36.9000983; 4.0663077
1419.0956535; 133.5020217; 174.7098223; 2.3237862; 0.0034155; 37.1197000; 4.0392187
1421.0943798; 132.0483474; 173.3380730; 2.3306348; 0.0034367; 37.3365600; 4.0127836
1423.0931060; 130.6041743; 171.9564139; 2.3375233; 0.0034564; 37.5507606; 3.9386460
1425.0918323; 129.1694899; 170.5647246; 2.3444498; 0.0034744; 37.7598222; 3.9142958
1427.0905586; 127.7445526; 169.1631538; 2.3514106; 0.0034893; 37.9664508; 3.8882224
1429.0892849; 126.3294480; 167.7517038; 2.3583964; 0.0035010; 38.1705956; 3.8212093
1431.0880111; 124.9241929; 166.3303409; 2.3653874; 0.0034941; 38.3701638; 3.8000888
1433.0867374; 123.5289281; 164.8992317; 2.3723581; 0.0034747; 38.5676049; 3.7764193
1435.0854637; 122.1436375; 163.4584719; 2.3792705; 0.0034421; 38.7628199; 3.7197492
1437.0841899; 120.7682654; 162.0082114; 2.3860930; 0.0033840; 38.9541490; 3.7022829
1439.0829162; 119.4027424; 160.5486930; 2.3927930; 0.0033146; 39.1436511; 3.6818395
1441.0816425; 118.0469052; 159.0801489; 2.3993365; 0.0032331; 39.3312014; 3.6339657
1443.0803688; 116.7005957; 157.6028991; 2.4057019; 0.0031359; 39.5154401; 3.6190257
1445.0790950; 115.3635625; 156.1172308; 2.4118701; 0.0030341; 39.6980716; 3.6006824
1447.0778213; 114.0355431; 154.6234603; 2.4178279; 0.0029275; 39.8789474; 3.5580584
1449.0765476; 112.7163178; 153.1219860; 2.4235665; 0.0028145; 40.0568798; 3.5442029
1451.0752738; 111.4055535; 151.6131079; 2.4290773; 0.0026980; 40.2333369; 3.5264117
1453.0740001; 110.1029041; 150.0971377; 2.4343487; 0.0025767; 40.4081435; 3.4864353
1455.0727264; 108.8081837; 148.5745764; 2.4394035; 0.0024833; 40.5802282; 3.4727409
1457.0714527; 107.5209606; 147.0455188; 2.4442740; 0.0023884; 40.7509146; 3.4544509
1459.0701789; 106.2410116; 145.5102867; 2.4489492; 0.0022897; 40.9199957; 3.4164612
1461.0689052; 104.9681932; 143.9693206; 2.4534302; 0.0021947; 41.0865329; 3.4029633
1463.0676315; 103.7020885; 142.4227146; 2.4577233; 0.0021024; 41.2517439; 3.3841848
1465.0663578; 102.4424854; 140.8707896; 2.4618367; 0.0020135; 41.4153895; 3.3480406
1467.0650840; 101.1891849; 139.3138617; 2.4657768; 0.0019295; 41.5766536; 3.3346707
1469.0638103; 99.9418652; 137.7520702; 2.4695509; 0.0018482; 41.7366543; 3.3153292
1471.0625366; 98.7003300; 136.1856889; 2.4731668; 0.0017700; 41.8951212; 3.2810381
1473.0612628; 97.4643510; 134.6149299; 2.4766304; 0.0016963; 42.0513612; 3.2678261
1475.0599891; 96.2336990; 133.0399820; 2.4799485; 0.0016249; 42.2063971; 3.2480064
1477.0587154; 95.0081839; 131.4610638; 2.4831279; 0.0015565; 42.3599304; 3.2155515
1479.0574417; 93.7875602; 129.8783028; 2.4861741; 0.0014920; 42.5113834; 3.2025243
1481.0561679; 92.5716832; 128.2919359; 2.4890930; 0.0014297; 42.6616884; 3.1823413
1483.0548942; 91.3603619; 126.7021228; 2.4918910; 0.0013701; 42.8105235; 3.1516522
1485.0536205; 90.1533465; 125.1089266; 2.4945729; 0.0013139; 42.9574149; 3.1388289
1487.0523468; 88.9505649; 123.5126262; 2.4971441; 0.0012597; 43.1032112; 3.1184152
1489.0510730; 87.7518209; 121.9133210; 2.4996101; 0.0012080; 43.2475726; 3.0893785
1491.0497993; 86.5568714; 120.3110293; 2.5019755; 0.0011593; 43.3901161; 3.0767720
1493.0485256; 85.3657044; 118.7060626; 2.5042448; 0.0011123; 43.5316141; 3.0562714
1495.0472518; 84.1781169; 117.0984621; 2.5064233; 0.0010676; 43.6717154; 3.0287422
1497.0459781; 82.9938805; 115.4882176; 2.5085148; 0.0010256; 43.8101128; 3.0163605
1499.0447044; 81.8130312; 113.8756632; 2.5105234; 0.0009851; 43.9475112; 2.9959213
1501.0434307; 80.6353594; 112.2607868; 2.5124538; 0.0009466; 44.0835547; 2.9697330
1503.0421569; 79.4606570; 110.6435616; 2.5143094; 0.0009105; 44.2179959; 2.9575804
1505.0408832; 78.2889963; 109.0243349; 2.5160939; 0.0008758; 44.3514819; 2.9373480
1507.0396095; 77.1201643; 107.4030485; 2.5178115; 0.0008429; 44.4836583; 2.9123220
1509.0383358; 75.9539746; 105.7796674; 2.5194651; 0.0008121; 44.6143220; 2.9003994
1511.0370620; 74.7905267; 104.1545423; 2.5210581; 0.0007825; 44.7440715; 2.8805112
1513.0357883; 73.6296080; 102.5275793; 2.5225942; 0.0007546; 44.8725600; 2.8564650
1515.0345146; 72.4710538; 100.8987383; 2.5240761; 0.0007285; 44.9996136; 2.8447703
1517.0332408; 71.3149820; 99.2683662; 2.5255067; 0.0007036; 45.1257915; 2.8253512
1519.0319671; 70.1611862; 97.6363440; 2.5268898; 0.0006803; 45.2507598; 2.8021059
1521.0306934; 69.0095213; 96.0026260; 2.5282277; 0.0006587; 45.3743601; 2.7906433
1523.0294197; 67.8601188; 94.3675502; 2.5295240; 0.0006414; 45.4971210; 2.7718207
1525.0281459; 66.7127961; 92.7309725; 2.5307980; 0.0006334; 45.6187268; 2.7492138
1527.0268722; 65.5674684; 91.0928425; 2.5320451; 0.0006117; 45.7390215; 2.7379427
1529.0255985; 64.4242378; 89.4534472; 2.5332432; 0.0005883; 45.8585094; 2.7197177
1531.0243248; 63.2829112; 87.8126719; 2.5343991; 0.0005683; 45.9768945; 2.6975144
1533.0230510; 62.1433965; 86.1705208; 2.5355196; 0.0005539; 46.0940128; 2.6864337
1535.0217773; 61.0057666; 84.5272047; 2.5366136; 0.0005411; 46.2103549; 2.6688944
1537.0205036; 59.8698997; 82.8826373; 2.5376831; 0.0005291; 46.3256482; 2.6470255
1539.0192298; 58.7357349; 81.2368136; 2.5387300; 0.0005187; 46.4397141; 2.6361398
1541.0179561; 57.6033217; 79.5898796; 2.5397570; 0.0005093; 46.5530330; 2.6192963
1543.0166824; 56.4725749; 77.9417778; 2.5407666; 0.0005010; 46.6653554; 2.5976921
1545.0154087; 55.3434581; 76.2925126; 2.5417609; 0.0004942; 46.7764850; 2.5870055
1547.0141349; 54.2159954; 74.6421689; 2.5427423; 0.0004882; 46.8868956; 2.5708630
1549.0128612; 53.0901355; 72.9907130; 2.5437133; 0.0004834; 46.9963603; 2.5494857
1551.0115875; 51.9658685; 71.3381641; 2.5446760; 0.0004802; 47.1046636; 2.5389994
1553.0103137; 50.8431932; 69.6845445; 2.5456330; 0.0004777; 47.2122745; 2.5235367
1555.0090400; 49.7220895; 68.0298420; 2.5465860; 0.0004760; 47.3189875; 2.5023695
1557.0077663; 48.6025770; 66.3740956; 2.5475382; 0.0004773; 47.4245683; 2.4920596
1559.0064926; 47.4846317; 64.7172634; 2.5484923; 0.0004739; 47.5294811; 2.4771946
1561.0052188; 46.3682432; 63.0593585; 2.5494263; 0.0004606; 47.6335390; 2.4561502
1563.0039451; 45.2533896; 61.4004278; 2.5503442; 0.0004598; 47.7364890; 2.4460961
1565.0026714; 44.1400433; 59.7404455; 2.5512676; 0.0004697; 47.8387974; 2.4319571
1567.0013977; 43.0282935; 58.0794675; 2.5522317; 0.0004949; 47.9402980; 2.4114675
1569.0001239; 41.9181413; 56.4173356; 2.5532323; 0.0005041; 48.0407317; 2.4017181
1570.9988502; 40.8097023; 54.7541425; 2.5542472; 0.0005124; 48.1405510; 2.3882881
1572.9975765; 39.7029785; 53.0898308; 2.5552823; 0.0005234; 48.2396074; 2.3681217
1574.9963027; 38.5979444; 51.4242824; 2.5563407; 0.0005357; 48.3376269; 2.3586211
1576.9950290; 37.4947384; 49.7576180; 2.5574243; 0.0005492; 48.4350560; 2.3458863
1578.9937553; 36.3933768; 48.0897644; 2.5585371; 0.0005643; 48.5317651; 2.3259575
1580.9924816; 35.2938413; 46.4205826; 2.5596822; 0.0005817; 48.6274627; 2.3166352
1582.9912078; 34.1962924; 44.7501917; 2.5608631; 0.0006006; 48.7225899; 2.3045116
1584.9899341; 33.1007618; 43.0785025; 2.5620842; 0.0006213; 48.8170353; 2.2846322
1586.9886604; 32.0072593; 41.4053773; 2.5633491; 0.0006446; 48.9104861; 2.2753883
1588.9873867; 30.9159527; 39.7309043; 2.5646618; 0.0006701; 49.0033816; 2.2637678
1590.9861129; 29.8268950; 38.0549781; 2.5660293; 0.0006982; 49.0956282; 2.2436924
1592.9848392; 28.7401473; 36.3774868; 2.5674537; 0.0007272; 49.1868861; 2.2344188
1594.9835655; 27.6558650; 34.6984557; 2.5689409; 0.0007674; 49.2775988; 2.2231848
1596.9822917; 26.5741551; 33.0177505; 2.5705304; 0.0008230; 49.3676901; 2.2026798
1598.9810180; 25.4952427; 31.3353252; 2.5722235; 0.0008706; 49.4567885; 2.1930818
1600.9797443; 24.4192496; 29.6510131; 2.5740052; 0.0009063; 49.5453395; 2.1818579
1602.9784706; 23.3462173; 27.9646153; 2.5758386; 0.0009281; 49.6332806; 2.1601270
1604.9771968; 22.2764724; 26.2764443; 2.5777440; 0.0009805; 49.7201926; 2.1499715
1606.9759231; 21.2099498; 24.5860403; 2.5797590; 0.0010370; 49.8065453; 2.1384673
1608.9746494; 20.1468579; 22.8933086; 2.5818908; 0.0010960; 49.8922878; 2.1151431
1610.9733757; 19.0876576; 21.1985329; 2.5841475; 0.0011628; 49.9769503; 2.1040214
1612.9721019; 18.0322960; 19.5011341; 2.5865403; 0.0012335; 50.0610257; 2.0916888
1614.9708282; 16.9810373; 17.8009993; 2.5890808; 0.0013084; 50.1444685; 2.0658231
1616.9695545; 15.9344258; 16.0984323; 2.5917787; 0.0013918; 50.2267433; 2.0531313
1618.9682807; 14.8924446; 14.3927801; 2.5946459; 0.0014795; 50.3083794; 2.0392331
1620.9670070; 13.8554293; 12.6839156; 2.5976960; 0.0015721; 50.3893320; 2.0095193
1622.9657333; 12.8239811; 10.9721097; 2.6009387; 0.0016733; 50.4689780; 1.9944691
1624.9644596; 11.7981572; 9.2566851; 2.6043864; 0.0017785; 50.5479033; 1.9780529
1626.9631858; 10.7783670; 7.5375037; 2.6080507; 0.0018879; 50.6260576; 1.9431104
1628.9619121; 9.7652378; 5.8147628; 2.6119386; 0.0020030; 50.7027139; 1.9251285
1630.9606384; 8.7589196; 4.0878188; 2.6160578; 0.0021195; 50.7785467; 1.9054574
1632.9593646; 7.7598740; 2.3565356; 2.6204122; 0.0022374; 50.8534933; 1.8652269
1634.9580909; 6.7687060; 0.6210239; 2.6250000; 0.0023535; 50.9267507; 1.8448983
1636.9568172; 5.7856387; -1.1192609; 2.6298185; 0.0024663; 50.9991062; 1.8225023
1638.9555435; 4.8111290; -2.8644290; 2.6348574; 0.0025756; 51.0704826; 1.7801444
1640.9542697; 3.8456954; -4.6144324; 2.6401035; 0.0026737; 51.1401040; 1.7598190
1642.9529960; 2.8895760; -6.3696624; 2.6455420; 0.0027645; 51.2088375; 1.7372340
1644.9517223; 1.9431522; -8.1301784; 2.6511505; 0.0028474; 51.2765984; 1.6985888
1646.9504486; 1.0068038; -9.8959545; 2.6569091; 0.0029143; 51.3427655; 1.6811853
1648.9491748; 0.0807258; -11.6672114; 2.6627969; 0.0029732; 51.4081709; 1.6616727
1650.9479011; -0.8348168; -13.4439496; 2.6687893; 0.0030231; 51.4727354; 1.6310301
1652.9466274; -1.7395924; -15.2261402; 2.6748685; 0.0030593; 51.5360306; 1.6176171
1654.9453536; -2.6334679; -17.0138576; 2.6810169; 0.0030902; 51.5987287; 1.6023629
1656.9440799; -3.5162840; -18.8070575; 2.6872181; 0.0031150; 51.6607605; 1.5782361
1658.9428062; -4.3879186; -20.6057120; 2.6934638; 0.0031343; 51.7217855; 1.5665927
1660.9415325; -5.2482703; -22.4097967; 2.6997475; 0.0031531; 51.7822892; 1.5529159
1662.9402587; -6.0972290; -24.2192541; 2.7060682; 0.0031716; 51.8421950; 1.5281434
1664.9389850; -6.9347086; -26.0340808; 2.7124298; 0.0031943; 51.9010777; 1.5142968
1666.9377113; -7.7605788; -27.8542055; 2.7188377; 0.0032179; 51.9593610; 1.4974874
1668.9364376; -8.5747150; -29.6795818; 2.7252939; 0.0032425; 52.0169331; 1.4666429
1670.9351638; -9.3770219; -31.5102279; 2.7317939; 0.0032611; 52.0732577; 1.4007876
1672.9338901; -10.1673613; -33.3460260; 2.7383360; 0.0032945; 52.1269963; 1.3102442
1674.9326164; -10.9456002; -35.1870125; 2.7449763; 0.0033500; 52.1772114; 1.1604100
1676.9313426; -11.7115008; -37.0331561; 2.7517108; 0.0033872; 52.2216437; 1.0835394
1678.9300689; -12.4648914; -38.8844566; 2.7585152; 0.0034199; 52.2630985; 0.9920505
1680.9287952; -13.2056110; -40.7408631; 2.7653790; 0.0034483; 52.3010243; 0.8830243
1682.9275215; -13.9335198; -42.6023167; 2.7722891; 0.0034651; 52.3347589; 0.6878731
1684.9262477; -14.6485235; -44.4687765; 2.7792282; 0.0034750; 52.3610230; 0.4078987
1686.9249740; -15.3505489; -46.3401584; 2.7861752; 0.0034764; 52.3765910; -0.2529246
1688.9237003; -16.0395565; -48.2163624; 2.7931156; 0.0034673; 52.3669383; -0.7034254
1690.9224266; -16.7155484; -50.0973039; 2.8000339; 0.0034530; 52.3400833; -1.2883652
1692.9211528; -17.3785439; -51.9828640; 2.8069148; 0.0034324; 52.2908610; -2.2774656
1694.9198791; -18.0285923; -53.8729268; 2.8137474; 0.0034036; 52.2037363; -2.8716731
1696.9186054; -18.6657688; -55.7673697; 2.8205196; 0.0033716; 52.0936724; -3.6300960
1698.9173316; -19.2901633; -57.6660568; 2.8272229; 0.0033361; 51.9542065; -4.7212299
1700.9160579; -19.9018884; -59.5688797; 2.8338553; 0.0033005; 51.7722578; -5.2979211
1702.9147842; -20.5010445; -61.4756866; 2.8404172; 0.0032667; 51.5673200; -6.0152114
1704.9135105; -21.0877337; -63.3863546; 2.8469160; 0.0032362; 51.3336436; -6.8092956
1706.9122367; -21.6620571; -65.3008105; 2.8533617; 0.0032148; 51.0678287; -7.1001730
1708.9109630; -22.2240594; -67.2188917; 2.8597688; 0.0031989; 50.7891772; -7.4115423
1710.9096893; -22.7737813; -69.1405158; 2.8661539; 0.0031904; 50.4966656; -7.5404986
1712.9084155; -23.3112520; -71.0656529; 2.8725216; 0.0031812; 50.1973152; -7.6267416
1714.9071418; -23.8364606; -72.9941292; 2.8788692; 0.0031674; 49.8927140; -7.7666147
1716.9058681; -24.3494492; -74.9258790; 2.8851774; 0.0031450; 49.5806035; -8.0251953
1718.9045944; -24.8503079; -76.8608770; 2.8914290; 0.0031083; 49.2560240; -8.1666826
1720.9033206; -25.3391220; -78.7988945; 2.8976007; 0.0030638; 48.9235115; -8.3736809
1722.9020469; -25.8160587; -80.7398539; 2.9036695; 0.0030090; 48.5802077; -8.6717553
1724.9007732; -26.2813435; -82.6837305; 2.9096120; 0.0029339; 48.2221075; -8.8323308
1726.8994995; -26.7352041; -84.6302253; 2.9153941; 0.0028456; 47.8546218; -9.0694177
1728.8982257; -27.1779878; -86.5792519; 2.9209752; 0.0027391; 47.4743116; -9.4215001
1730.8969520; -27.6101241; -88.5307886; 2.9263363; 0.0026237; 47.0759839; -9.5872397
1732.8956783; -28.0319970; -90.4844558; 2.9314624; 0.0025041; 46.6671590; -9.8235759
1734.8944045; -28.4440847; -92.4401929; 2.9363426; 0.0023793; 46.2445072; -10.1228886
1736.8931308; -28.8468998; -94.3980147; 2.9409693; 0.0022492; 45.8048980; -10.2449182
1738.8918571; -29.2408796; -96.3574796; 2.9453327; 0.0021152; 45.3556513; -10.4246778
1740.8905834; -29.6265720; -98.3185831; 2.9494208; 0.0019755; 44.8939078; -10.6254696
1742.8893096; -30.0045631; -100.2814049; 2.9532214; 0.0018257; 44.4183312; -10.6753233
1744.8880359; -30.3753620; -102.2454692; 2.9567335; 0.0017158; 43.9353394; -10.7597502
1746.8867622; -30.7393751; -104.2106655; 2.9601344; 0.0016877; 43.4430944; -10.8467412
1748.8854885; -31.0968490; -106.1775370; 2.9634644; 0.0016407; 42.9411588; -10.8293473
1750.8842147; -31.4477880; -108.1451112; 2.9666959; 0.0015989; 42.4341056; -10.8315865
1752.8829410; -31.7924152; -110.1136956; 2.9698668; 0.0015744; 41.9208130; -10.8408885
1754.8816673; -32.1309468; -112.0839937; 2.9730049; 0.0015678; 41.4007081; -10.7818413
1756.8803935; -32.4632035; -114.0547618; 2.9761374; 0.0015711; 40.8768728; -10.7357270
1758.8791198; -32.7892431; -116.0264165; 2.9792921; 0.0015861; 40.3485213; -10.7080557
1760.8778461; -33.1091477; -117.9998590; 2.9824890; 0.0016136; 39.8145479; -10.6283268
1762.8765724; -33.4225850; -119.9736940; 2.9857450; 0.0016475; 39.2773725; -10.5571595
1764.8752986; -33.7294867; -121.9483367; 2.9890785; 0.0016888; 38.7364202; -10.5135449
1766.8740249; -34.0298387; -123.9248173; 2.9925061; 0.0017412; 38.1900884; -10.4214370
1768.8727512; -34.3232239; -125.9017544; 2.9960410; 0.0017984; 37.6407180; -10.3326838
1770.8714775; -34.6094629; -127.8794720; 2.9996972; 0.0018608; 37.0879932; -10.2772435
1772.8702037; -34.8884254; -129.8589284; 3.0035044; 0.0019494; 36.5299390; -10.1722486
1774.8689300; -35.1596279; -131.8391200; 3.0074873; 0.0020341; 35.9690612; -10.0650352
1776.8676563; -35.4227421; -133.8201259; 3.0116341; 0.0021165; 35.4053508; -10.0010111
1778.8663825; -35.6772308; -135.8024965; 3.0163624; 0.0026143; 34.8361923; -9.8822292
1780.8651088; -35.9212882; -137.7851214; 3.0219253; 0.0028195; 34.2645087; -9.7600887
1782.8638351; -36.1544562; -139.7711408; 3.0274976; 0.0027528; 33.6903705; -9.6526427
1784.8625614; -36.3763942; -141.7560090; 3.0329767; 0.0027344; 33.1127631; -9.5186700
1786.8612876; -36.5876066; -143.7434650; 3.0384971; 0.0028447; 32.5331316; -9.3794130
1788.8600139; -36.7876591; -145.7336784; 3.0443938; 0.0030498; 31.9516962; -9.2591863
1790.8587402; -36.9753493; -147.7225955; 3.0506761; 0.0032401; 31.3671442; -9.1135776
1792.8574665; -37.1502043; -149.7133598; 3.0573775; 0.0034903; 30.7809461; -8.9611767
1794.8561927; -37.3112927; -151.7069005; 3.0646377; 0.0037165; 30.1934556; -8.8045530
1796.8549190; -37.4578178; -153.6995598; 3.0715914; 0.0032492; 29.6048810; -8.6338406
1798.8536453; -37.5914055; -155.6955441; 3.0780301; 0.0034935; 29.0161267; -8.4621706
1800.8523715; -37.7108324; -157.6902273; 3.0858287; 0.0043194; 28.4272490; -8.2839443
1802.8510978; -37.8131714; -159.6881441; 3.0952677; 0.0051214; 27.8387107; -8.0823078
1804.8498241; -37.8950128; -161.6855635; 3.1062278; 0.0057637; 27.2522507; -7.8814264
1806.8485504; -37.9537902; -163.6812969; 3.1182417; 0.0062807; 26.6679497; -7.6068982
1808.8472766; -37.9874953; -165.6819013; 3.1314766; 0.0069546; 26.0915949; -7.3414925
1810.8460029; -37.9933460; -167.6813666; -3.1370816; 0.0076953; 25.5230104; -7.0816848
1812.8447292; -37.9684790; -169.6774945; -3.1209188; 0.0085249; 24.9622787; -6.7076151
1814.8434554; -37.9093702; -171.6770335; -3.1028071; 0.0095873; 24.4192954; -6.3659205
1816.8421817; -37.8120136; -173.6739346; -3.0826239; 0.0105699; 23.8925620; -6.0560201
1818.8409080; -37.6726563; -175.6661513; -3.0605705; 0.0115258; 23.3804591; -5.6707095
1820.8396343; -37.4872555; -177.6564473; -3.0364968; 0.0125743; 22.8905543; -5.3286518
1822.8383605; -37.2516639; -179.6430960; -3.0102553; 0.0136619; 22.4204470; -5.0751414
1824.8370868; -36.9622822; -181.6198603; -2.9818435; 0.0147582; 21.9633514; -4.8322504
1826.8358131; -36.6150741; -183.5855911; -2.9513357; 0.0158145; 21.5191105; -4.5971387
1828.8345394; -36.2049210; -185.5442802; -2.9186745; 0.0168263; 21.0877991; -4.4402606
1830.8332656; -35.7297876; -187.4852214; -2.8840096; 0.0178795; 20.6626605; -4.2817133
1832.8319919; -35.1860043; -189.4067834; -2.8472815; 0.0188927; 20.2442484; -4.0945773
1834.8307182; -34.5696480; -191.3077719; -2.8084848; 0.0199416; 19.8358694; -3.9218191
1836.8294444; -33.8772239; -193.1848536; -2.7675606; 0.0209969; 19.4366774; -3.7976901
1838.8281707; -33.1067901; -195.0304956; -2.7243508; 0.0221440; 19.0421465; -3.6875356
1840.8268970; -32.2569553; -196.8369582; -2.6789936; 0.0233149; 18.6510749; -3.5912551
1842.8256233; -31.3228410; -198.6040081; -2.6312190; 0.0245063; 18.2621665; -3.5233733
1844.8243495; -30.3021985; -200.3251122; -2.5810792; 0.0255819; 17.8723867; -3.4678928
1846.8230758; -29.1968947; -201.9884980; -2.5285157; 0.0273457; 17.4802594; -3.3836450
1848.8218021; -28.0044789; -203.5865818; -2.4718793; 0.0296504; 17.0889880; -3.2417548
1850.8205284; -26.7161848; -205.1154637; -2.4102157; 0.0316891; 16.7055305; -2.9742272
1852.8192546; -25.3385065; -206.5555861; -2.3462358; 0.0324457; 16.3458073; -2.4846615
1854.8179809; -23.8676947; -207.9061299; -2.2805981; 0.0334724; 16.0391116; -2.0398703
1856.8167072; -22.3063900; -209.1578792; -2.2121245; 0.0347959; 15.7828646; -1.6381265
1858.8154334; -20.6606150; -210.2987293; -2.1413991; 0.0358732; 15.5740323; -1.2960908
1860.8141597; -18.9435434; -211.3155023; -2.0692357; 0.0365346; 15.4067979; -1.1798453
1862.8128860; -17.1537598; -212.2058823; -1.9954141; 0.0371948; 15.2529684; -1.1185183
1864.8116123; -15.3018434; -212.9609942; -1.9202517; 0.0379077; 15.1056884; -1.1287113
1866.8103385; -13.3993753; -213.5732692; -1.8438204; 0.0386517; 14.9555960; -1.1394063
1868.8090648; -11.4548907; -214.0370489; -1.7658179; 0.0393831; 14.8025379; -1.1430158
1870.8077911; -9.4800445; -214.3462918; -1.6861450; 0.0402429; 14.6473881; -1.1464062
1872.8065174; -7.4883394; -214.4956510; -1.6048162; 0.0412108; 14.4901095; -1.1574710
1874.8052436; -5.4895619; -214.4807170; -1.5215175; 0.0421589; 14.3295617; -1.1646954
1876.8039699; -3.4994682; -214.2975929; -1.4362437; 0.0431265; 14.1661753; -0.9795029
1878.8026962; -1.5341255; -213.9440575; -1.3489753; 0.0443845; 14.0272951; -0.6424132
1880.8014224; 0.3929785; -213.4176062; -1.2587832; 0.0458306; 13.9354580; 0.2119291
1882.8001487; 2.2617185; -212.7180035; -1.1659680; 0.0470338; 13.9658214; 1.0346072
1884.7988750; 4.0567671; -211.8477217; -1.0740986; 0.0434130; 14.1131131; 1.6284292
1886.7976013; 5.7747281; -210.8222697; -0.9930535; 0.0381990; 14.3418802; 1.8978775
1888.7963275; 7.4072365; -209.6688605; -0.9191510; 0.0358092; 14.6039791; 1.5212334
1890.7950538; 8.9503293; -208.4026084; -0.8479711; 0.0359415; 14.8107145; 1.1032263
1892.7937801; 10.4014985; -207.0259701; -0.7753199; 0.0365092; 14.9588555; 0.5506970
1894.7925063; 11.7484920; -205.5468820; -0.7019155; 0.0369472; 15.0322567; -0.0665817
1896.7912326; 12.9809098; -203.9749323; -0.6278070; 0.0372905; 15.0234013; -0.3286324
1898.7899589; 14.0940616; -202.3134619; -0.5525998; 0.0378176; 14.9796159; -0.5727380
1900.7886852; 15.0774892; -200.5742070; -0.4763767; 0.0385622; 14.9029997; -0.9301541
1902.7874114; 15.9251995; -198.7623565; -0.3986157; 0.0392733; 14.7777249; -0.9368326
1904.7861377; 16.6278178; -196.8899317; -0.3190819; 0.0401150; 14.6504679; -0.9421248
1906.7848640; 17.1769447; -194.9712177; -0.2380630; 0.0410800; 14.5213674; -0.9462096
1908.7835903; 17.5680811; -193.0090548; -0.1552135; 0.0418130; 14.3905414; -0.6161730
1910.7823165; 17.7938920; -191.0214260; -0.0709363; 0.0421981; 14.3047041; -0.0941312
1912.7810428; 17.8512668; -189.0264867; 0.0134057; 0.0419141; 14.2915456; 0.8807752
1914.7797691; 17.7422494; -187.0335319; 0.0952871; 0.0401115; 14.4141990; 1.3846681
1916.7784953; 17.4727772; -185.0533042; 0.1751554; 0.0397621; 14.6049402; 1.3963347
1918.7772216; 17.0487160; -183.1057863; 0.2531630; 0.0383345; 14.7947984; 1.3313285
1920.7759479; 16.4756771; -181.1908980; 0.3276514; 0.0363375; 14.9735761; 1.2228006
1922.7746742; 15.7647177; -179.3234991; 0.3997475; 0.0358676; 15.1359198; 1.1837530
1924.7734004; 14.9227605; -177.5133576; 0.4707406; 0.0351957; 15.2914376; 1.1861501
1926.7721267; 13.9537529; -175.7636334; 0.5405548; 0.0344856; 15.4456998; 1.2031253
1928.7708530; 12.8658395; -174.0841322; 0.6088208; 0.0338195; 15.6006115; 1.2810579
1930.7695793; 11.6691798; -172.4844456; 0.6753880; 0.0329118; 15.7638843; 1.3872793
1932.7683055; 10.3689120; -170.9661558; 0.7410801; 0.0330694; 15.9388090; 1.5234640
1934.7670318; 8.9722285; -169.5381342; 0.8076578; 0.0331557; 16.1287199; 1.8584842
1936.7657581; 7.4859978; -168.2050177; 0.8704772; 0.0296428; 16.3574084; 2.3489109
1938.7644843; 5.9248323; -166.9629521; 0.9256988; 0.0257280; 16.6419491; 2.8151260
1940.7632106; 4.2963537; -165.7989237; 0.9734256; 0.0216612; 16.9766840; 3.5783654
1942.7619369; 2.6216989; -164.7077947; 1.0115223; 0.0165275; 17.3928763; 4.4139184
1944.7606632; 0.9135524; -163.6731768; 1.0388722; 0.0106523; 17.8929197; 3.7897810
1946.7593894; -0.8199851; -162.6731035; 1.0542004; 0.0045838; 18.3113638; 1.0426788
1948.7581157; -2.5604357; -161.6900966; 1.0570218; -0.0017215; 18.4248231; -2.9787535
1950.7568420; -4.2966756; -160.7014376; 1.0470781; -0.0083347; 18.0988032; -4.6879590
1952.7555683; -6.0188709; -159.6824429; 1.0237740; -0.0147667; 17.5734682; -6.0405749
1954.7542945; -7.7087907; -158.6142594; 0.9885250; -0.0205589; 16.8724590; -5.0573615
1956.7530208; -9.3558052; -157.4760089; 0.9419437; -0.0256955; 16.2623280; -4.4217056
1958.7517471; -10.9378566; -156.2578188; 0.8855945; -0.0305860; 15.7094797; -3.6619884
1960.7504733; -12.4459422; -154.9430701; 0.8207112; -0.0343568; 15.2364408; -3.3157422
1962.7491996; -13.8591613; -153.5289954; 0.7483950; -0.0376878; 14.7950872; -3.0765587
1964.7479259; -15.1582808; -152.0171868; 0.6703907; -0.0407341; 14.3734550; -2.9082765
1966.7466522; -16.3323754; -150.4015468; 0.5852984; -0.0442116; 13.9631841; -2.8342216
1968.7453784; -17.3550541; -148.6956061; 0.4929496; -0.0492962; 13.5514149; -2.7632578
1970.7441047; -18.2111485; -146.8868739; 0.3900413; -0.0524267; 13.1375360; -2.7136281
1972.7428310; -18.8724469; -145.0040328; 0.2853864; -0.0527210; 12.7179893; -2.7087494
1974.7415572; -19.3324960; -143.0580482; 0.1782903; -0.0546059; 12.2849158; -2.6775515
1976.7402835; -19.5772992; -141.0689103; 0.0653904; -0.0581932; 11.8412740; -2.8106320
1978.7390098; -19.5890228; -139.0706455; -0.0552355; -0.0629247; 11.3569539; -1.9535972
1980.7377361; -19.3488823; -137.0834061; -0.1867113; -0.0671932; 11.0077695; -1.1368067
1982.7364623; -18.8463785; -135.1540742; -0.3241761; -0.0711012; 10.7993824; 0.2766445
1984.7351886; -18.0722125; -133.3037837; -0.4689215; -0.0731311; 10.8504623; 0.7977407
1986.7339149; -17.0423204; -131.5970950; -0.6174372; -0.0737960; 10.9964296; 1.4869995
1988.7326412; -15.7748825; -130.0588649; -0.7589882; -0.0680079; 11.2634663; 1.9933155
1990.7313674; -14.3108647; -128.7033701; -0.8850646; -0.0572987; 11.6117982; 1.9672916
1992.7300937; -12.7028832; -127.5244916; -0.9884404; -0.0496395; 11.9456273; 1.7379397
1994.7288200; -10.9798425; -126.5094688; -1.0887330; -0.0505226; 12.2329614; 1.6851167
1996.7275462; -9.1691952; -125.6762236; -1.1907935; -0.0520481; 12.5052596; 1.7749042
1998.7262725; -7.2766628; -125.0334789; -1.2958689; -0.0510671; 12.7857973; 1.9326908
2000.7249988; -5.3274638; -124.5853350; -1.3916494; -0.0447630; 13.0844355; 2.2912518
2002.7237251; -3.3479453; -124.3131579; -1.4743702; -0.0380793; 13.4298780; 2.5405730
2004.7224513; -1.3477254; -124.1927942; -1.5451757; -0.0321948; 13.8028056; 2.9859873
2006.7211776; 0.6520565; -124.2006960; -1.6017293; -0.0244215; 14.2286256; 3.4063574
2008.7199039; 2.6489912; -124.3076252; -1.6459387; -0.0211516; 14.6993380; 3.7318535
2010.7186302; 4.6343544; -124.4982376; -1.6864904; -0.0192203; 15.1983040; 4.2052136
2012.7173564; 6.6162756; -124.7647721; -1.7212353; -0.0155342; 15.7416196; 4.5205708
2014.7160827; 8.5884383; -125.0927516; -1.7488747; -0.0122714; 16.3055007; 4.8088633
2016.7148090; 10.5494836; -125.4685043; -1.7703249; -0.0092562; 16.8846841; 5.1134680
2018.7135352; 12.5063783; -125.8816277; -1.7866488; -0.0070595; 17.4795138; 5.2845300
2020.7122615; 14.4561796; -126.3221918; -1.7988348; -0.0053771; 18.0736842; 5.4488310
2022.7109878; 16.3992201; -126.7832797; -1.8083270; -0.0041482; 18.6665343; 5.4465095
2024.7097141; 18.3409584; -127.2614383; -1.8159309; -0.0034508; 19.2408853; 5.4705517
2026.7084403; 20.2774687; -127.7526073; -1.8224163; -0.0033056; 19.8010085; 5.4936888
2028.7071666; 22.2112215; -128.2567607; -1.8293569; -0.0036225; 20.3479900; 5.4061654
2030.7058929; 24.1415512; -128.7747451; -1.8365470; -0.0035733; 20.8722684; 5.4228205
2032.7046192; 26.0682654; -129.3065383; -1.8436367; -0.0035148; 21.3852532; 5.4413199
2034.7033454; 27.9912281; -129.8518608; -1.8505913; -0.0034439; 21.8879070; 5.3679866
2036.7020717; 29.9101941; -130.4103519; -1.8574074; -0.0033769; 22.3727232; 5.3798850
2038.7007980; 31.8254371; -130.9818097; -1.8640927; -0.0033150; 22.8482949; 5.3950066
2040.6995242; 33.7370565; -131.5660085; -1.8706611; -0.0032570; 23.3154640; 5.3287686
2042.6982505; 35.6444848; -132.1625318; -1.8771144; -0.0032011; 23.7678851; 5.3374338
2044.6969768; 37.5481934; -132.7712914; -1.8834619; -0.0031553; 24.2125691; 5.3497686
2046.6957031; 39.4482968; -133.3921355; -1.8897320; -0.0031160; 24.6502322; 5.2884026
2048.6944293; 41.3440508; -134.0246238; -1.8958751; -0.0030317; 25.0753681; 5.2965850
2050.6931556; 43.2361464; -134.6686374; -1.9017958; -0.0028464; 25.4940568; 5.3081057
2052.6918819; 45.1248428; -135.3234957; -1.9072151; -0.0025684; 25.9068685; 5.2553064
2054.6906082; 47.0097209; -135.9877527; -1.9118634; -0.0020838; 26.3091937; 5.2649441
2056.6893344; 48.8920833; -136.6599322; -1.9154975; -0.0015096; 26.7061797; 5.2765448
2058.6880607; 50.7725452; -137.3378258; -1.9178615; -0.0008538; 27.0982061; 5.2242568
2060.6867870; 52.6516248; -138.0187807; -1.9188154; -0.0001010; 27.4808386; 5.2297643
2062.6855132; 54.5307289; -138.7001730; -1.9182635; 0.0006551; 27.8586113; 5.2355911
2064.6842395; 56.4105973; -139.3790580; -1.9161947; 0.0014145; 28.2317419; 5.1726074
2066.6829658; 58.2925196; -140.0527389; -1.9126981; 0.0020843; 28.5956029; 4.4760096
2068.6816921; 60.1771511; -140.7185557; -1.9078938; 0.0026905; 28.9067664; 3.7571362
2070.6804183; 62.0650786; -141.3741502; -1.9019748; 0.0032332; 29.1653924; 0.3179432
2072.6791446; 63.9575932; -142.0177634; -1.8951118; 0.0036329; 29.1871732; -1.7312247
2074.6778709; 65.8544834; -142.6475507; -1.8874985; 0.0039357; 29.0683778; -3.8254038
2076.6765971; 67.7560708; -143.2623523; -1.8794315; 0.0041373; 28.8041441; -7.3839155
2078.6753234; 69.6629994; -143.8616747; -1.8712003; 0.0040945; 28.2871325; -8.2892923
2080.6740497; 71.5745370; -144.4453267; -1.8631426; 0.0038839; 27.6952309; -9.1490883
2082.6727760; 73.4904974; -145.0141412; -1.8557672; 0.0034964; 27.0268897; -9.8873236
2084.6715022; 75.4104455; -145.5698130; -1.8495241; 0.0027426; 26.2855219; -10.0793639
2086.6702285; 77.3333644; -146.1149466; -1.8448269; 0.0019332; 25.5075848; -10.2516377
2088.6689548; 79.2584032; -146.6526635; -1.8418230; 0.0010728; 24.6912221; -10.6221508
2090.6676811; 81.1845219; -147.1860145; -1.8402147; 0.0005451; 23.8158540; -10.5122846
2092.6664073; 83.1114977; -147.7173187; -1.8395686; 0.0001858; 22.9166434; -10.3822965
2094.6651336; 85.0385204; -148.2478310; -1.8393770; 0.0000058; 21.9924943; -10.5055302
2096.6638599; 86.9650806; -148.7786297; -1.8401992; -0.0008490; 21.0160522; -10.1951692
2098.6625861; 88.8897237; -149.3121963; -1.8420991; -0.0002917; 20.0229804; -9.8646164
2100.6613124; 90.8170853; -149.8474132; -1.8405119; 0.0018669; 19.0127959; -9.2214918
2102.6600387; 92.7424697; -150.3728592; -1.8323964; 0.0063394; 18.0173231; -8.4303335
2104.6587650; 94.6777890; -150.8747050; -1.8149024; 0.0116053; 17.0564965; -7.6176026
2106.6574912; 96.6254332; -151.3316015; -1.7854758; 0.0177826; 16.1391781; -6.3235508
2108.6562175; 98.5835692; -151.7175174; -1.7428650; 0.0249894; 15.3360677; -5.5584534
2110.6549438; 100.5618002; -152.0058270; -1.6858372; 0.0320127; 14.5936740; -4.6768117
2112.6536701; 102.5546469; -152.1670101; -1.6148418; 0.0389793; 13.9384356; -3.8662507
2114.6523963; 104.5483618; -152.1736594; -1.5319385; 0.0436701; 13.3725403; -3.4707510
2116.6511226; 106.5419848; -152.0062330; -1.4409569; 0.0470041; 12.8433123; -3.0189923
2118.6498489; 108.5066600; -151.6533815; -1.3442380; 0.0499753; 12.3645620; -2.9284808
2120.6485751; 110.4379835; -151.1022646; -1.2399457; 0.0545234; 11.8817478; -2.8270775
2122.6473014; 112.2826984; -150.3480451; -1.1219368; 0.0650240; 11.3962635; -0.8942245
2124.6460277; 114.0394203; -149.3510782; -0.9854034; 0.0708065; 11.2383363; -0.8385607
2126.6447540; 115.6073809; -148.1366021; -0.8344741; 0.0812337; 11.0881962; -0.8146997
2128.6434802; 116.9654095; -146.6859516; -0.6704464; 0.0810658; 10.9403552; 1.4807436
2130.6422065; 118.0745859; -145.0477975; -0.5252918; 0.0651752; 11.2076123; 1.6079460
2132.6409328; 118.9733829; -143.2560980; -0.4086338; 0.0535387; 11.4907903; 1.6207049
2134.6396591; 119.6729812; -141.3753976; -0.3043862; 0.0512334; 11.7693225; 2.0302055
2136.6383853; 120.1785979; -139.4332525; -0.2073964; 0.0448234; 12.1091950; 2.4171425
2138.6371116; 120.5056315; -137.4623617; -0.1232902; 0.0389543; 12.5018005; 3.2067132
2140.6358379; 120.6798084; -135.4732612; -0.0545426; 0.0295218; 13.0043723; 4.0733497
2142.6345641; 120.7365613; -133.4768689; -0.0054951; 0.0197904; 13.6160465; 4.6682026
2144.6332904; 120.7144637; -131.4799944; 0.0245302; 0.0108583; 14.2848745; 5.4099308
2146.6320167; 120.6477716; -129.4818413; 0.0401660; 0.0047574; 15.0227688; 5.5196916
2148.6307430; 120.5614005; -127.4817143; 0.0447802; 0.0004376; 15.7400218; 5.6104756
2150.6294692; 120.4734865; -125.4864797; 0.0420514; -0.0033827; 16.4370282; 5.4367302
2152.6281955; 120.3994868; -123.4871536; 0.0302251; -0.0085272; 17.0853437; 4.7826347
2154.6269218; 120.3595405; -121.4883747; 0.0081603; -0.0133452; 17.6359667; 4.2276388
2156.6256480; 120.3726909; -119.4946663; -0.0226035; -0.0167941; 18.1087578; 3.3645937
2158.6243743; 120.4518596; -117.4980763; -0.0568979; -0.0175114; 18.4763880; 2.6058315
2160.6231006; 120.6013978; -115.5032796; -0.0932980; -0.0190696; 18.7561616; 2.2390735
2162.6218269; 120.8268241; -113.5166896; -0.1331731; -0.0204507; 18.9932670; 1.9194101
2164.6205531; 121.1324011; -111.5446948; -0.1744594; -0.0209357; 19.1941903; 1.6963872
2166.6192794; 121.5210403; -109.5806496; -0.2161869; -0.0207611; 19.3700327; 1.7191695
2168.6180057; 121.9902887; -107.6373536; -0.2577226; -0.0208592; 19.5466229; 1.7878396
2170.6167320; 122.5388035; -105.7195991; -0.2994977; -0.0210556; 19.7285902; 1.9724905
2172.6154582; 123.1682382; -103.8236155; -0.3414896; -0.0208082; 19.9274235; 2.2734754
2174.6141845; 123.8731295; -101.9602862; -0.3810919; -0.0187129; 20.1541638; 2.5179519
2176.6129108; 124.6490037; -100.1198943; -0.4161776; -0.0167297; 20.4023457; 2.7605397
2178.6116370; 125.4898293; -98.2987935; -0.4485357; -0.0155454; 20.6710144; 3.1282939
2180.6103633; 126.3809326; -96.5161592; -0.4781099; -0.0141669; 20.9713148; 3.3574071
2182.6090896; 127.3248830; -94.7542217; -0.5050889; -0.0127802; 21.2888966; 3.5649637
2184.6078159; 128.3162479; -93.0124728; -0.5293749; -0.0114551; 21.6210058; 3.8682348
2186.6065421; 129.3434291; -91.3000628; -0.5507483; -0.0099871; 21.9756906; 4.0790347
2188.6052684; 130.4065855; -89.6052216; -0.5691524; -0.0082605; 22.3436059; 4.2646440
2190.6039947; 131.4971981; -87.9288381; -0.5837921; -0.0065123; 22.7218933; 4.5389189
2192.6027210; 132.6098563; -86.2677578; -0.5964953; -0.0061961; 23.1177107; 4.7141846
2194.6014472; 133.7426873; -84.6209552; -0.6084264; -0.0056318; 23.5217618; 4.8775267
2196.6001735; 134.8934577; -82.9876985; -0.6189126; -0.0048677; 23.9326338; 5.0666152
2198.5988998; 136.0608607; -81.3646933; -0.6279640; -0.0041860; 24.3520947; 5.1687898
2200.5976260; 137.2414995; -79.7519727; -0.6357222; -0.0036431; 24.7726968; 5.2670266
2202.5963523; 138.4335541; -78.1483133; -0.6425794; -0.0032274; 25.1940706; 5.2770963
2204.5950786; 139.6366603; -76.5516557; -0.6488566; -0.0030521; 25.6092979; 5.2863535
2206.5938049; 140.8491445; -74.9628170; -0.6547858; -0.0028850; 26.0186104; 5.2965293
2208.5925311; 142.0705710; -73.3812510; -0.6603887; -0.0027281; 26.4223525; 5.2375069
2210.5912574; 143.3010684; -71.8060444; -0.6659479; -0.0028339; 26.8156185; 5.2428190
2212.5899837; 144.5403348; -70.2379811; -0.6716813; -0.0028721; 27.2035901; 5.2484737
2214.5887100; 145.7885824; -68.6770429; -0.6774005; -0.0028509; 27.5865155; 5.1923541
2216.5874362; 147.0457772; -67.1231428; -0.6830684; -0.0028203; 27.9601865; 5.1970319
2218.5861625; 148.3116606; -65.5764166; -0.6886749; -0.0027902; 28.3292590; 5.2018342
2220.5848888; 149.5861324; -64.0367953; -0.6942223; -0.0027608; 28.6939193; 5.1493753
2222.5836150; 150.8691305; -62.5041729; -0.6997135; -0.0027337; 29.0503939; 5.1530515
2224.5823413; 152.1604574; -60.9786151; -0.7051511; -0.0027080; 29.4027969; 5.1568068
2226.5810676; 153.4600172; -59.4600757; -0.7105393; -0.0026836; 29.7512782; 5.1074813
2228.5797939; 154.7677201; -57.9485081; -0.7158774; -0.0026578; 30.0924487; 5.1102955
2230.5785201; 156.0834251; -56.4439211; -0.7211675; -0.0026392; 30.4299792; 5.1132032
2232.5772464; 157.4070563; -54.9462883; -0.7264308; -0.0026267; 30.7639955; 5.0666520
2234.5759727; 158.7385021; -53.4556158; -0.7316242; -0.0025700; 31.0914316; 5.0707902
2236.5746990; 160.0775813; -51.9717907; -0.7366688; -0.0024447; 31.4157184; 5.0750807
2238.5734252; 161.4239045; -50.4945010; -0.7413655; -0.0022534; 31.7369620; 5.0379061
2240.5721515; 162.7767943; -49.0232732; -0.7455771; -0.0019610; 32.0526684; 5.0433333
2242.5708778; 164.1354568; -47.5573379; -0.7491979; -0.0016560; 32.3656304; 5.0481888
2244.5696040; 165.4989674; -46.0959012; -0.7521911; -0.0013397; 32.6758922; 4.9656071
2246.5683303; 166.8663937; -44.6381490; -0.7545908; -0.0010615; 32.9782308; 4.9302063
2248.5670566; 168.2369178; -43.1833021; -0.7564530; -0.0008193; 33.2756964; 4.8949174
2250.5657829; 169.6098246; -41.7307072; -0.7578826; -0.0006120; 33.5684252; 4.7879233
2252.5645091; 170.9845397; -40.2798199; -0.7589635; -0.0004695; 33.8523067; 4.7546112
2254.5632354; 172.3606187; -38.8302267; -0.7597727; -0.0003528; 34.1318766; 4.7213326
2256.5619617; 173.7377184; -37.3816111; -0.7603858; -0.0002611; 34.4072420; 4.6230021
2258.5606879; 175.1155965; -35.9337231; -0.7608505; -0.0002039; 34.6747536; 4.5921541
2260.5594142; 176.4940630; -34.4864014; -0.7612069; -0.0001584; 34.9384524; 4.5612528
2262.5581405; 177.8729841; -33.0395225; -0.7614891; -0.0001241; 35.1984211; 4.4710435
2264.5568668; 179.2522794; -31.5929830; -0.7617170; -0.0001039; 35.4513981; 4.4424948
2266.5555930; 180.6318714; -30.1467351; -0.7619068; -0.0000882; 35.7009845; 4.4138164
2268.5543193; 182.0117142; -28.7007355; -0.7620715; -0.0000766; 35.9472435; 4.3307234
2270.5530456; 183.3917894; -27.2549405; -0.7622182; -0.0000702; 36.1872377; 4.3041894
2272.5517719; 184.7720634; -25.8093439; -0.7623528; -0.0000653; 36.4241948; 4.2774650
2274.5504981; 186.1525222; -24.3639315; -0.7624798; -0.0000618; 36.6581632; 4.2005482
2276.5492244; 187.5331682; -22.9186825; -0.7626017; -0.0000601; 36.8864802; 4.1757699
2278.5479507; 188.9139839; -21.4736036; -0.7627204; -0.0000589; 37.1120582; 4.1507539
2280.5466769; 190.2949666; -20.0286906; -0.7628375; -0.0000582; 37.3349341; 4.0792255
2282.5454032; 191.6761243; -18.5839319; -0.7629538; -0.0000582; 37.5526806; 4.0559863
2284.5441295; 193.0574467; -17.1393373; -0.7630701; -0.0000583; 37.7679418; 4.0324731
2286.5428558; 194.4389349; -15.6949063; -0.7631870; -0.0000587; 37.9807458; 3.9656800
2288.5415820; 195.8205978; -14.2506320; -0.7633048; -0.0000593; 38.1888684; 3.9438004
2290.5403083; 197.2024292; -12.8065243; -0.7634241; -0.0000601; 38.3947239; 3.9216188
2292.5390346; 198.5844320; -11.3625843; -0.7635450; -0.0000609; 38.5983330; 3.8590159
2294.5377609; 199.9666147; -9.9188088; -0.7636678; -0.0000620; 38.7976487; 3.8383465
2296.5364871; 201.3489742; -8.4752067; -0.7637929; -0.0000632; 38.9948862; 3.8173530
2298.5352134; 202.7315150; -7.0317805; -0.7639205; -0.0000645; 39.1900604; 3.7584812
2300.5339397; 204.1142444; -5.5885299; -0.7640509; -0.0000660; 39.3812797; 3.7388967
2302.5326659; 205.4971627; -4.1454631; -0.7641842; -0.0000675; 39.5705857; 3.7189700
2304.5313922; 206.8802754; -2.7025834; -0.7643209; -0.0000692; 39.7579886; 3.6634390
2306.5301185; 208.2635887; -1.2598940; -0.7644610; -0.0000711; 39.9417335; 3.6448336
2308.5288448; 209.6471063; 0.1825982; -0.7646050; -0.0000730; 40.1237103; 3.6258700
2310.5275710; 211.0308349; 1.6248888; -0.7647530; -0.0000751; 40.3039250; 3.5733457
2312.5262973; 212.4147795; 3.0669711; -0.7649054; -0.0000773; 40.4807442; 1.7909787
2314.5250236; 213.7989471; 4.5088395; -0.7650622; -0.0000796; 40.5690769; 5.3021918